朋友带来的这家在一条街上很明显的位置烤羊排好吃到飞起外酥里嫩酸奶也很好吃其它已经忘记了。。点了一桌没怎么吃完赠送还是套餐里的饮料（果酒？）很好喝总体感觉不错环境也营造了浓郁的异域风情总体感觉不错～会再会的店,很好
这次晚市去吃的，晚上有表演，去的早坐在舞台边上，视野很好，不错不错。2个人点了4个菜加酸奶饮料，200块，饱饱的。先来的羊肉串，价格实惠性价比高。新疆小炒约等于韭芽炒鸡蛋加山芋粉丝，有点油，还可以啦。烤羊排，大口吃肉棒呆了。帕娜里泳吃上去很像芝士蛋糕，没有太甜，而且口感一层一层的。,很好
吃过很多次的一家，整体还可以，肉串便宜,很好
某位同桌特别喜欢的豪迈风味，好期待回来再去,很好
分量好足口味没有印象中好两个人随随便便就过量了,很好
中午匆忙去的，本来以为中午会没什么人，结果一看就还有等位的，还好我们提前预定了????！,很好
公司聚餐，选择了这家。8个人买单958元。,很好
双休日家庭午餐，事先预定的位置，菜式味道还不错就是量实在太少了。,很好
附近貌似吃饭的选择也不是很多，没有人排队就选了这家。咸奶茶是必点的，容器变了，原来是圆圆的一个银色圆壶，现在这个造型比较奇。不过我还是喜欢圆圆的那个，感觉比较像新疆本土感觉。味道好像和原来的略有不同。不过还行吧。炝炒牛心菜很新鲜，量很大，但是味道略淡了点。牛奶饭，一开始帮我拿了热的，服务员居然不知道有冰的牛奶饭。业务培训不过关啊。老酸奶，比较稀薄。大拼盘，服务员也不知道里面有哪几种肉，后来来了个店铺经理，帮我们介绍里面有牛肉羊肉鸡肉，味道还行。,很好
很多好吃的菜，价位也不错,很好
酸奶不错、奶茶不错、甜品不错。两人吃好多，才160元出头。羊肉串一如既往，羊排还可以，大盘鸡不行，鸡肉很柴，馕吃不来，太干。吃这么多，挺划算的。但是半夜渴醒……,很好
不同地方的耶里夏丽口味还不一样！我觉得肇嘉浜路的最好吃。,很好
正大的耶里夏丽因为在包房里，不知道外面是否有歌舞表演，这次在东方店，我们10几个人坐在外面大堂，晚上18点开始的歌舞表演非常棒，有3支舞，还被邀请到台上互动，气氛很好。点餐羊肉串，大盘鸡，手抓羊排都是必点的，好吃。手抓羊肉饭，虾，鱼，蔬菜，点了好多好多，吃不完打包了。耶里夏丽每家分店生意都不错，饭点还要排队。,很好
很久没来耶里夏丽了，这次路过东方路，特意绕过来吃一下。,很好
挺正宗的新疆菜，不时还会有一些表演，在品菜之余还能欣赏表演，挺有趣,很好
烤羊肉串有点过了肉质有点硬如果羊肉串不好吃基本就不会来了,很好
石河子凉皮没有以前好吃了，抓饭也没有在新疆吃的好吃，感觉油少，干巴巴的，不香，其他的水准还不错，最好吃的是薄饼羊肉卷，羊肉小粒粒很入味，三个人四个菜一个主食，撑,很好
总体没有正大的好，但一进门还是能感受到浓浓的新疆气息，感觉就像是走进了新疆普通饭店的感觉的，还挺不错的。香囊烤羊排感觉比以前要下了很多，口感不差……味道还是以前一样。他们家奶茶还是挺不错的，浓郁的茶味，可惜没有冷的，每个整点或有舞蹈表演，挺新疆特色的。,很好
下班和老公孩子来吃的晚饭，因为小朋友比较喜欢这里的舞蹈表演所以就又过来了，这次过来上菜还比较及时，所以还是热的，这点算是有改进，凉皮和羊排。还有怕玛里勇，这几个是每次来的必点，味道一直维持的不错，就是因为都是肉菜吃的有点撑。,很好
菜的量很足，味道不错，就是吵了一点。,很好
老公非常爱新疆菜，我们来过无数次，每次必点薄饼羊肉卷，牛腱肉，手抓饭还有风味炒馕。,很好
羊肉串啊我的最爱！大盘鸡啊我的最爱！,很好
口口相传耶里夏丽新疆菜正宗，好吃。今天终于一饱口福,很好
前几天中午办事路过这里，就进去吃了，因为只有2人就没点蔬菜，都点肉了，感觉点的不多，但吃得撑住了，大盘鸡量好多，味道也不错；羊排不够入味；烤羊肉串好吃，烤馕还好点了一份，不然肯定吃不下，馕沾酸奶，味道很好，不错,很好
来吃过几次，觉得都还是不错的。这次也不错，大盘鸡一如既往的好吃，不过我更喜欢的是烤羊腿，咬一口满嘴焦香，原汁原味，加点调料则是满口椒香，非常好！不过奶茶很一般，没有什么特色，感觉不出和外面奶茶店有啥区别。服务也还行，新疆歌舞表演也不错。,很好
舞蹈没有正大的出彩。以及上海的新疆菜都不咋地,很好
这家店和同事朋友来过好几回了，离4号线浦电路站不远，新疆餐厅有歌舞表演，这是他家最大的特色。,很好
一家安全放心的新疆餐厅。吃了很多次，一直忘写点评。烤羊肉串每次必点。牛心菜和西贝的一样很正宗。尝试了新品，羊肉和洋葱炒后包在米皮里吃。有点像片皮鸭包饼这种，但是口感没有片皮鸭包饼好吃，洋葱有点甜，和羊肉配一起炒，不太好吃。耶利诱惑这个饮料口感不错，新疆奶茶也力推。,很好
就是谈不上好坏的店，想吃就会来。午市套餐还真划算，少数名族的饮料真心吃不惯。工作日中午有时候需要等位，比较尴尬，上菜挺快，么看到跳舞最好也少跳跳略吵。还有25个字要写，多出点优惠就好了，午市套餐的饭有点硬。,很好
生意很好的一家，满热闹的，羊肉串一直是良心价格啊…大盘鸡没之前好吃了,很好
这家耶里夏丽很大坏境很好,很好
服务员有穿着维族服装的姑娘，环境装修也蛮有异域风情，大部分菜味道都不错，着重推荐下羊肉串，酸汤面片和娜帕里勇。,很好
『烤羊排』肉很多，略略烤老了一点。,很好
每L去完之舻姆熊必背羊肉串的香馕引，|西也是很有性r比的，味佳不F，美美},很好
同事请客来吃的，已经是很多年不吃耶里夏丽了，装修比起以前是老旧了些，但异域的感觉仍在。,很好
朋友请客，一桌11个人，点了好多菜，虽然是第一次吃，但是感觉味道真还是不错的。羊肉还是有点膻味，没有敦煌楼处理的好，其它菜还是不错的，特别是石河子凉皮、娜帕里勇、土豆丝、红薯泥、拔丝哈密瓜、。奶茶还是喝不惯。,很好
??地理位置：挺好找的在一条马路上面门面很大46号线都可以到的那边公交也很多出行特别方便也算一个小闹事区,很好
还满正宗的一家吃新疆菜的店，吃的人满多的！晚上特定时间还有歌舞表演，非常的精彩！气氛相当不错，菜品也是很多，羊架吃起来也没那么骚，感觉味道不错很香！爱吃新疆菜的可以来这家试试，确实不错哦！服务也是满热情的呢……,很好
RP大爆发～双休日晚市居然只排了十分钟～,很好
地方很好找就6号线浦电路4号口出去之后直走就到了因为中午去的早没排队就进去了到了之后叫服务员来点单应该是个新手所以不是很会而且很紧张但是她也会问什么的所以总体感觉还行吃的方面羊肉串酸奶帕娜里勇都很好吃就凉皮一般般吧,很好
最近迷新疆菜，喜欢里面的烤肉串，凉皮，手抓饭，娜帕里勇，奶茶,很好
羊排，酸奶，甜点都是极好的，大盘鸡可以再点一份宽面。就是有时候邀请跳舞觉得太热情了??,很好
香港阿弟来上海出差，自然要尽地主之谊，就选了靠近他下榻酒店附近的耶里夏丽，感受下维吾尔族的美食和热情。,很好
去过多次，羊肉串必点，喜欢牛羊肉在这种店吃，过瘾～中午晚上都有表演,很好
好吃，量足。服务员稍不熟练，不过好像是实习生。,很好
吃过好几次了，味道一直还不错，工作午餐难得光顾下，生意真是爆棚啦！,很好
可能不是饭点来的，上菜好慢……偏咸,很好
中午去吃，人挺多的，每家耶里夏丽的表演音乐都开的太响了，希望店家开轻一些,很好
吃新疆菜的首选，老牌子。烤羊排很嫩，味道很好。羊肉串性价比很高，肥的不多，好吃。娜帕里勇新疆奶酪糕，有点冰，不是太甜，本人比较喜欢。雪花牛肉太瘦，吃起来有点柴。大盘鸡大大一盘，非常实惠，里面的面条好吃。奶茶点的甜味的，一个感觉有点腥。晚上6点以后的歌舞表演也很棒，新疆美女很漂亮。总得还是不错的，还会继续光顾。,很好
羊排好吃酸奶也可以的大盘鱼也可以的,很好
朋友推荐来的这家新疆餐厅，虽然之前也去过几家餐厅，可这家确实别具一格，硕大的表演舞台，让顾客边吃边看增加食欲，这里的酸奶；烤鱼；啤酒还有羊排等都十分有特色，而且这里菜的价格适中十分适合聚会来这里用餐.,很好
地铁下来走5分钟就可以到，店里的布置还是比较有风味的，还有很大的舞台供新疆人跳舞。点了不少东西，羊肉串还是蛮好吃的，酸奶试了，感觉味道一般性，上菜速度还是比较快的。大多数菜都是比较重口味的。点的很多，都是招牌菜，那天还有烤全羊呦。,很好
去的早，排队只排了几桌。点的菜基本都不错，就是点了秋葵不知怎么上的香菇真的是香菇啊。羊肉串很好吃，羊排也很鲜嫩。大盘鸡份量很足，里面的土豆很糯！酸奶很纯正，不是很甜的那种，很喜欢。凉皮味道也很不错。菌菇汤很一般。表演也是加分项，很美丽动人的舞蹈。,很好
总体还是不错的，比五角场那家分店的羊肉炒饭，肉的颗粒比较大，服务也还可以，还有歌舞表演,很好
味道还可以有新疆舞蹈表演其实有点吵的适合聚餐,很好
午餐和同事去尝味,很好
环境还不错，个人觉得3.5元一串的羊肉串比较好吃，火焰烤肉就是肉块比较大，咬下去比较爽，娜怕里勇冷的时候味道真心不错，馕热的时候还可以，冷了就硬硬的，不是很好吃，最喜欢羊排，69元5块，肉肉多，咬下去很爽，表演也很精彩，下次还会回顾滴。,很好
上海分店最多的新疆餐厅。作为老牌选手，重在保持哈哈。,很好
菜品味道基本偏淡，微辣，但是没有吃到自己超级喜欢的味道。奶茶蛮正宗。,很好
个人觉得口味还行，也不是太好吃，但是有表演，有停车位，10元一车，凭停车票可以免费换酸奶一杯，单买的话是9元一杯。在这里吃饭的人挺多的，上菜速度很快，烤的羊排挺嫩，蘸酱蛮有味，但是新疆大盘鸡就不敢恭维了。总的来说还可以。,很好
牛奶饭最爱超级好吃哦大盘鸡辣的不行超大份服务员美美哒上菜速度超快空盘马上收走就是没看到表演遗憾啊娜帕里勇赞一个,很好
耶里夏丽新疆菜经常吃，主要是吃肉，这次小朱点了两个面，味道也是不错，可口，不逊日本荞麦面口味（话说荞麦面是口味见长？一直还没想清楚）。凉拌牛肉一般。,很好
歌舞很有特色，菜就是太辣了，很有新疆特色,很好
团建活动选在这里，十几个人浩浩荡荡地赶来喂饭。很喜欢凉皮和嘛椒鸡，各点了两三份。。。番茄青椒也好好吃，不愧为最贵的蔬菜，呵呵。专业歌舞表演外加互动活动，一顿饭让大家吃得好饱好开心，气氛都是热热闹闹的。下次还来！,很好
店里有表演活动，味道是当地的口味，人很多,很好
再清淡些就更好了！羊排点了两份，一份少一份多！,很好
口感可以服务可以,很好
整体不错，连平时不怎么爱吃羊肉的老妈都说好，性价比高嘛。,很好
这家店来了很多次了，主要喜欢重口羊骚味。口味很正宗的新疆菜。菜量实在是太多了，两个人基本会剩很多，适合一群朋友来吃多点点品种！中午还有新疆帅哥和美女跳舞表演。氛围特别好，感觉自己处于新疆吃饭嘞！以后还会去的。,很好
以前不太喜欢新疆菜主要我不吃羊肉,很好
东方店应该是耶里夏丽连锁店里最实惠的店了。每次都要等位。不过两人翻台很快，傍晚六点半到，等了一刻钟就叫到我们的号了。,很好
第二次来，感觉没有第一次来好吃,很好
酸酸辣辣不是很适合我口味，还有节目表演,很好
奶茶很好喝，但是喝多了就有点腻，羊排和娜帕里勇也不错，还有个蔬菜孜然味很重蛮好吃的，其他就那样罗，晚上有表演还满有特色,很好
晚上舞蹈表演有4段，台上台下互动很热闹，就是音响效果不好，有点吵。,很好
小伙伴们又聚一起了，选的新疆菜，本来很不爱吃羊肉，朋友强烈推荐的这家，门口店面不算大可是进去感觉还挺大，中间有个表演台周围是座位和包房，提前四天预订位置居然没有了，只好提前去排队，人很多真的要提前订位！服务员很热情周到，会根据订餐人数推荐菜讲的很详细，接下来说说菜吧！,很好
门脸看着好小一家，一进门，怪怪，别有洞天，简直就是个新疆小皇宫啊。,很好
羊肉串每次必点，番茄海鲜汤也是最爱,很好
经常来这家耶里夏利吃饭，中午也有表演，每天几乎都是满座，很热闹。,很好
酸奶不错。很浓稠。大盘鸡和北疆饭店的差不多。羊肉串作为餐前小点，缓一缓饥饿，挺好的。吃饭期间的歌舞，声音太大了，坐在靠近舞台的位置，觉得耳朵有点炸。价格还是蛮美丽的。性价比不错。下班去也不用排队。会再去。,很好
新疆菜还是不错的，羊肉神马的还是很不错的，椒麻鸡，手抓饭，我在口水了,很好
代价太大了，停车费一百你奶奶的,很好
"一直次新疆菜一直]有F,倒是在]有由^的r候泶蔚~",很好
周末门口等位等了一个小时，上菜很快。进门的时候正好在跳舞，气氛很好。跳舞的新疆姑娘美的不得了。,很好
羊排每次必点，一点羊膻味也没有，肉多汁，一定要配旁边的孜然粉，特别香。,很好
一个星期顺道来了两次，经鉴定，汤饭分量还可以，面片肯定不是新疆人扯的，太厚了！！味道还不错，但希望减少番茄酱比例，汤底太厚重了！除了汤饭，丁丁炒面是检验一家新疆餐厅的标尺，味道还是正宗的，就是分量太少了！！严重抗议！去曲阳路新疆办事处学习一下，炒面应该是多少分量。烤肉肉质还可以，最好不要腌制，调料味道不对，每桌希望能放点辣椒和孜然面。耶里夏丽不那么新疆，整体价格偏贵，服务尚可，丁丁炒面等了半小时，下次来试抓饭，希望不要失望。,很好
生意特好，星期二晚上都要等位，等位时候送养乐多和小点心，点心酥酥脆脆的特好吃，我一个人吃了一小篮子??????,很好
经常来吃，也来点评一下。,很好
李芳美女为我们全程微笑且及时地服务，很好滴。比上次一个小姑娘要好多了。,很好
她家不知道是什么时候有的午市套餐，以前去从来都是单点的，直到后来同事说起才知道还有套餐可以点，就像同事说的，一定要问服务员要午市套餐的菜单，她们才会给你，不然确实是不知道这回事的。套餐还是蛮划算的，4个菜才78，还配饭，够4个人吃的，如果人少的话还有单人的套餐可以选。味道中规中矩，喜欢吃羊肉的可以点羊排，还不错，羊肉串性价比很高，才3.5/串，大盘鸡里面土豆比鸡肉多，点心喜欢娜帕里勇。最后吐槽下服务员，买单的时候一女服务员硬拉着要给她点评，碰到2次了，都是同一个人，难道点评上点名表扬的有奖金？,很好
服务真的好,很好
常来的一家店，羊肉做得还不错。,很好
口味好，服务员很亲切。周末去的，人很多。,很好
时隔一年再来耶里夏丽，等位半小时,很好
口味可以，环境一般，服务不错，气氛应该6星。,很好
最近特别爱吃有羊肉串的店，过了饭点去的，所以也不用等位，不过想吃的手抓羊肉饭也卖完了，有点遗憾，服务员就推荐了西域炒饭。这里的羊肉串还真良心价呢！才3.5一串，肉串也不小，味道不错，拔丝哈密瓜很厚的淀粉裹着，里面很小一块哈密瓜，因为现在也不是哈密瓜季节，哈密瓜不甜。,很好
好吃，有鼓舞，和同事一起聚餐很有氛围，那个大的啤酒合起来很有感觉，,很好
菜品可以，环境蛮好，舞蹈很好，一直来吃,很好
味道不错，服务也好！服务员张露露不错??,很好
不贵，大盘鸡两个人吃不完啊，好多，不过面吃多了就有羊肉的膳味了，凉皮东北小摊的味道，找了很久呢,很好
这家店开了好多年了，记得第一次吃耶里夏丽也是在这家店，今天带奶奶来吃，不吃羊肉的奶奶居然在今天吃羊肉了，一串羊肉串，一块羊排。一个叫什么虾的味道不好，里面的菌菇非常的咸。炒面味道不错。还有就是菠菜炒蛋也不错。,很好
每次想吃肉了，那就耶里夏利咯,很好
新年第一天，下午三点半到，四点取号，拿到第二桌，四点半入场。人真的是多，一眼没看排队就堆了一群人，赶紧站起来凑过去排着。排号期间小伙伴忍不住去扫荡了10串羊肉串。（捂脸）。小胃口的宝宝这样就撑的不行了。赶上晚上的舞蹈表演。小姐姐有点像迪丽热巴。最后啊，加上羊肉串两个人吃到了人均标准激动的不行啊，哦对了那个叫什么那帕里勇的甜点真的很好吃啊～一点也不腻。,很好
这家好评。点了10串羊肉串，半份烤羊排，烤菌菇，奶茶，牛奶饭和娜帕里勇吃的撑撑的结果结账一看两个人才150，真心划算啊！羊肉串微辣口感正好，烤羊排蘸酱很赞，烤菌菇很入味，奶茶有甜的咸的可以选择味道一般，最大的惊喜就是牛奶饭和娜帕里勇了，原来以为会一般般但是意外的好吃，娜帕里勇口感凉凉的像千层蛋糕～好喜欢,很好
不错哦，呵呵，期待下一次的光临！,很好
味道挺好的，服务员马俊祥特别热情，给五星好评！,很好
大口吃肉，看看表演，吃到后面有点腻，菜品算比较特色吧！爱吃肉的朋友可以去！,很好
吃羊肉，体验新疆菜的好地方！中午商务套餐很划算，晚上价格就比较高了，就是从公司步行过来有点远,很好
每次回上海都会让老公陪我来吃因为特别喜欢他们家的「馕烤羊排」和「小签的羊肉串」「手抓羊肉饭」「奶茶~原味的」都是我稀饭滴呀！,很好
涨价了？和大众点评价格不一样！价格贵了三分之一,很好
座位之间的距离太紧凑，给人不太舒服，环境也有点吵，但是何明珍，张欣茹服务很热情。菜品味道不错。推荐,很好
羊肉串和大盘鸡不错还有奶茶也很好喝凉皮太厚不喜欢,很好
这种天，吃点羊肉就会感觉身体被温暖了，他们家的生意很好，工作日去晚一点就要排队了，很有清真餐厅的感觉，店很深，进去后还有一个长长T台可以表演，吃到一半，演员们跳着当地的舞蹈可是热闹，就是真的声音很响，你就好好观看就行了，聊天等他们停下来再聊，不然声音响到完全听不到对方说话。,很好
停车不是很方便，菜品一如既往的好。今天没等到表演。还是那几样，羊肉串，羊排，酸奶，肉吃多了就是容易撑。,很好
爸比的朋友领证了，请大家撮一顿，就在这里。下午带娃逛了96广场后，步行来到饭店。,很好
羊肉最正宗，味道也很好，最精彩的是时不时有新疆姑娘小伙一起载歌载舞，很有看头,很好
性价比不错的餐厅，每次来都人好多，这次的服务员特别好，叫郭小艳，服务很热情周到，下次还会来的,很好
人很多，环境有点吵,很好
馕包肉里的羊肉分量多，馕在汤汁里泡着要放久了就烂了不太好吃，羊排比考羊肉串好吃，羊肉串倒是有点老，奶茶味道淡淡的，没喝出什么特别，停车券还能赠送一份酸奶，不会很甜还挺喜欢的，觉得最好吃的就是娜帕里勇，这份甜品了，收盘子换骨碟都很及时，服务的还不错,很好
下雨天，同事病假归来请吃饭我们就早早过来了，这家耶里夏丽地方并不很大，领位的也不是很热情，上菜速度比较快，羊肉串貌似肥肉比精肉多。酸奶没有以前在人广那里吃到的好吃。大盘鸡，面有点坨，同事们倒是一致好评那个孜然粉放很多的炸烤馕～还有儿童套餐哦，小小一份做得很精致的样子，儿童还配有特制的餐具套装。总觉得菜品质量不如前两年吃到的。,很好
以前很迷恋这里。现在慢慢淡了。菜品不错。但是味精不少。适合朋友聚会。不适合小朋友来吃。,很好
就在酒店附近的5颗星好评餐厅，服务不错，酸奶确实很好喝，一点也不酸，微甜，羊肉串肉质不错。。奶饭居然是甜的，我以为是咸的，其它菜包括干煸豆角还有木耳鸡蛋都是随意小炒，吃吃就好，凉拌菜刀工了得。,很好
环境吵闹，哈瓦斯甜品很好吃。其他一般,很好
首先味道还是不错的每次生意都很好我们提前定了位所以还好菜量都蛮大的我们已经点了蛮多菜的情况下服务员给我们推荐它家的汤好吧那就点一个吧选了以后呢服务员非说某个汤更好喝第一次遇到那么努力劝说的服务员一直劝我们喝那个汤说怎么怎么有营养说实话有点反感这种推销那么多人在不点又未免显得小气那就要吧反正就相差30几块味道还行但是真的吃不完剩下好多,很好
这家店面很大，有表演，负责我们桌的服务员郭小艳，态度很好，上菜速度很快,很好
算是上海最出名的新疆菜连锁餐厅了吧。最推荐这里的烤羊排和大盘鸡。大盘鸡菜如其名真的老大一盘，鸡肉自然是已经入味，作为配角的拉皮和土豆尤其好吃，一般都要再加一份。烤羊排更不用说了，味道闻着就让人馋涎欲滴，特别是冬天吃上这热乎乎的烤羊排顿时就能忘记寒冷。另外的特色就是新疆舞蹈助兴了，吃嗨的也能跟着上台扭一翻，颇有唐风。,很好
6号线浦电路4号口出来直走就到了,很好
人气挺好的新疆菜店，新疆服务员长得太好看。,很好
工作日午餐，与友人小聚。上菜很快，味道也不错，炒饭的香米很喜欢，烤鱼也皮脆肉嫩，碳烤杏鲍菇是最爱，老酸奶一如继往的好吃。特别提一下服务员魏霞，有耐心够热情,很好
价格亲民，味道不错，还有表演，停车费可换一个酸奶,很好
味道还不错，丁丁炒面很一般，娜帕里勇味道不错,很好
服务态度很好????张露露很好吃的开心下次再来一个,很好
第一家吃的耶里夏利，门面有点小，不过开在大马路上，里面还是挺富丽堂皇的，叫了20人的大桌，实在是有点厉害了，服务也不错，打包什么的都比较靠谱，服务员也比较热情，较能满足客户的需求，歌舞第一次看还是很惊艳的,很好
今天中午没什么胃口然后选了这里人超级多呀没想到大中午人那么多串单位味道不错没来得及拍鸡挺好吃但是肉太难弄下来吃起来麻烦应该改进还有西红柿茄子羊肉呵呵呵呵茄子和羊肉的肥肉根本看不出来肥肉不怎么样面还辣辣的还可以哦,很好
还是那个口味，新粮菜味道不错。歌舞表演也不错。服务员魏霞服务很热情，,很好
甜点和酸奶好评肉类分量足但是本人胃小吃不多,很好
吃的口味很好，还有音乐歌舞，多年不见好友，小酌重温旧时，很好??,很好
总体感觉一般，并没有想象中好吃，羊肉串有点失望。,很好
挺好吃的，而且价格特别便宜。是不是对穆斯林兄弟地租不敢收的太高。哈哈哈。跟着穆兄讨生活。,很好
搬到浦东之后好久好久好久没有吃耶里夏利了呢，没想到涛涛公司附近有一家，欣然前往～人巨多巨多巨多，等位排好久，不过服务员倒没有因为人多怠慢，挺好的。似乎换了特别艳丽的盘子，口味感觉跟以前差不多，浓浓的孜然味儿～酸奶以前是没有甜味儿附送蜂蜜的，现在好像变成有甜味的酸奶惹，也木有蜂蜜啦～环境其实我觉得整个上海还是只有肇嘉浜路的最好，没有之一^_^,很好
朋友结婚请大家吃饭选了这家店，我还是第一次吃.本人不喜欢吃羊肉所以一般吃饭都不会考虑新疆菜.但吃后突然改变了我的看法.原来新疆菜不全都是羊肉，光蔬菜味道都挺惊艳的很合我的口味.装修风格也很有异域风情还有歌舞表演看.但遗憾那天去表演没看到.下次有时间再去吃??,很好
大盘鸡真的很大一盘，如果是请一桌客人，也别怕少，别尝试点超大份。留点胃口试试其他菜吧。有点辣，鸡肉不够嫩。里面的土豆挺好吃，宽面条也挺有嚼劲。酸奶馕没有酸奶，大家别想多了，只是发酵过的面团做的吧……不过也挺好吃的，松松脆脆的，呛牛心菜每次必点，羊肉串也挺好吃。是个还会想去的餐厅。,很好
羊肉串味正，凉皮好吃，羊排也好吃就是量少了些。,很好
周六晚上吃的，排队人挺多的。叫号还行大概等了20分钟就到了。,很好
这周末连续来吃，还不错，今天尝试了新的菜式，但觉得最好的还是之前喜欢那几样！,很好
环境还不错啦，很有新疆建筑风格的感觉。服务员也都是新疆人。生意很好，导致门口等位的人过多，有点混乱。当然门口那boy的新疆汉语也是导致混乱原因之一。几个招牌菜味道可以，量好像没以前的多了。到了7点以后新疆特色的舞蹈表演就开始了。不喜热闹的朋友们可能会很痛苦，反正你是不能跟你朋友好好聊天的，不论你坐哪个角落。,很好
这家人家吃过不少吃，每次都感觉很增肥啊，不是面粉就是肉。晚上7点多有表演，还会让群众上去一起演出，气氛很热烈。因为附近办公楼很多所以每天晚上生意都是非常好的。比较推荐他们家的手抓羊肉饭、肉囊、娜帕里勇、羊肉串、烤羊排这几个菜。感觉口味还行，环境的桌子间距有点小，感觉不是很私密。,很好
很大的大厅。人几乎满座。羊排非常赞，推荐。大盘鸡好吃，里面的面片入味。肉串也够肥，有点辣。酸奶也不错，菌菇汤蛮清淡。手抓饭也好吃。整体是80分以上，就是冬天凉的太快菜很容易凝。晚餐期间有歌舞，妹子都很漂亮。,很好
带家里人尝个新鲜～外公外婆挺喜欢这里的口味，有点辣有孜然，羊膻味又不大，他们觉得大概要3.4百的菜，总共也就220。所以信价比也不错。中午12点还有舞蹈表演，很有味道～吃的都是我吃过的推荐菜，所以靠得住～唯一美中不足是接待我们的服务员全程皱眉好像很不开心的样子，也有可能是面相本来如此？老人家想找新疆女服务员拍个照被非常冷漠地拒绝了……说不喜欢拍照……好歹态度稍微好一点嘛，也不是不能理解。一个男服务生倒是主动要求上镜，点赞～,很好
十一月快过掉了，这月一直忘记点评，一看记录还差一条，今天来补一条，给十一月画上完美的句号！这家一直很喜欢吃，比西贝好吃多了，一家都爱吃，每月都有主推当季的水果，也是我很喜欢的。羊肉主推，不管是烤羊腿、烤羊肉、烤全羊也吃过，感觉都是棒棒哒，凉皮也不错，那帕里勇也是必点的小吃之一，吃货们喜欢吃羊肉可以来尝尝哟～,很好
天冷来吃羊肉很暖和还养胃啊！,很好
烤羊腿没话讲，肉串真好次还有表演,很好
挺好吃的新疆菜，都点的比较特色的，羊肉类的都很好吃，羊肉串，羊排，羊皮筏面包，特别推荐娜怕里勇，这个甜点很惊喜，口感好像奶油和白巧克力的混合一样，超级好吃，辣子鸡也不错，应该是后期加入的改良菜系，甜味新疆奶茶也好喝，总之很喜欢，表演很热闹。,很好
上菜很快，味道还不错，奶茶好喝，就是价格偏贵,很好
羊肉串不错的，每次都会点，一般去的人不大会不点的吧。大盘鸡每次都会点，不过吃起来也就这样了，其实也没啥特别好吃。其他东西么都还可以，新疆菜么基本都是这个味道，其实也没啥特别的，随便吃吃吧。席间还有舞蹈表演，没想到新疆餐厅里居然还会跳探戈，看着桌上的大盘鸡才没把这个地方当成吃阿根廷烤肉的地方。,很好
跟家人一起去的，点了烤羊腿，味道很赞，中午还有表演，小朋友很喜欢。,很好
很不错的地方，推荐！烤全羊需要提前一周预定，没吃成，订位子的时候没告诉我,很好
不到11:00就来了，提前点菜，尝到了期待已久的烤羊腿，味道不错。服务员马骏祥很热情，总体感觉很好。,很好
提前和小伙伴来过生日点了很多吃的最喜欢羊排杏鲍菇和丁丁炒面丁丁超面酸酸甜甜的任务好吃表扬服务员马俊祥超级耐心！还给我推荐了很多好吃的！,很好
最喜欢娜帕里勇，可能我比较喜欢吃甜食，这个甜度正好，入口即化，一口气吃了三块。羊肉串也是每次必点的，还有酸奶。大盘鸡，羊排等等味道也就这样，也许去的时候正好过节期间，服务员比较忙，感觉菜的量也不是很大。,很好
东西还可以，就是人多，停车比较难,很好
在那附近办事，懒得再找地方了，这家不用排队,很好
还是熟悉的味道，食材味道好，性价比高！,很好
上菜很快，口味不错。马俊祥服务挺好，提醒客人仔细检查菜单明细，很认真,很好
虽然感觉味道不如从前了，但每次还会来，算是怀念吧，主食都还不错,很好
因为我是西北人，所以想来吃西北菜，总体挺好的，大盘鸡不咋样，别的都挺好吃的！,很好
大盘鸡和纳帕里勇最爱哈哈哈哈哈羊肉窜也ok,很好
耶里夏利不知道吃了多少次，每次的菜品口味都不稳定，这次是感觉最差的一次，吃的及其不爽，那个羊排鸡肉拼盘及其难吃及其油腻，吃两口就恶心了，西红柿辣子炒茄子，放了一桶油末？吃到腻到无比，简直了，大厨睡觉没睡醒吧,很好
第n次来，这次来带爸妈来的，因为饿，离停车的地方近，爸妈也没吃过新疆菜就来了。,很好
中午约在外边吃饭，选了距离折中的耶里东方路店。店面装饰不复杂，细节有点西域风味。,很好
【环境】有些嘈杂，桌与桌离得比较近，会有新疆特色歌舞演出，吵闹声比较大。,很好
上菜快～服务员盖爽微笑服务，非常周到～就是不给好评不让走大眼睛盯住你给完好评瞬间陌生人,很好
味道不错，再次光顾，羊肉味道挺。,很好
口味还可以，随便吃吃，羊肉串居然比小店的还便宜,很好
每次来都会点丁丁炒面，他家口味和我在新疆吃的差不多，服务员朱进梅很热情，态度也很好，刚好还看了一场表演，会常来！,很好
大中午的人好多呀！好需要排队！口味不错价格小贵,很好
很好的地方肉不错服务也赞表演还有蟒蛇有点招架不住,很好
光顾过几次，菜品总体还不错，每天晚上都有表演，貌似都一样，没什么新意。,很好
中午经常去吃商务餐，还有表演！,很好
挺好吃的，吃的时候还有表演。。,很好
口味比较典型新疆菜。环境实在每次歌舞时间太长太吵。可能服务员太少，服务跟不上人流,很好
来吃过两次了，有朋友来，还是能想到这家，还不错吧,很好
新疆特色菜，大盘鸡，孜然羊肉特别好，超赞。,很好
就是新疆菜的均值，很多人是看表演去的吧，我觉得有点吵，而且跳舞的会用蛇来吓人，。。,很好
羊腿泡馕酸奶千层点心推荐,很好
喜欢原味奶茶，咩哈哈哈，羊排也必须好次才对嘛，其他就很一般,很好
味道很好，服务生马玉龙态度也很赞,很好
经常去的店，环境和味道都不错的,很好
挺好吃的新疆菜，经常来吃羊肉串。,很好
羊排不错，硬菜就是硬菜一下吃到顶住！,很好
这里的菜真的很好吃！个个都有特色，就是那个手抓饭的肉肉好硬，羊肉串就不说了，必点！牛奶饭也好好吃，不过容易腻住！特别是那个娜帕里勇，直接要了两盘，太赞了！大盘鸡果然盘子够大，味道还可以！那个大枣茶也太甜了，加了两次白水，甜味都不减，新疆大枣果然甜，哈哈！,很好
今天是周五晚上六点不到就到了，到得早不用等位。推荐烤羊排、新疆烤馕、大盘鱼、炝炒牛心菜、娜帕里勇、牛奶饭～我是甜品控。味道一般的：国际大拌菜～咸了些，羊肉抓饭。总而言之，菜量大、味道偏重，适合肉食动物。几个小朋友在舞台上跑来跑去，环境嘈杂了些,很好
去吃的那天下了暴雨，能在这种天气约吃饭的，都是真爱啊啊啊。用的来说，这个点还是不错的，服务人员一来就给我们介绍活动，还一人送了一份酸奶，9块钱一碗，5碗棒棒哒??下面说说各菜品的口味:,很好
第二次去吃这家新疆菜，也许第一次的印象不甚好，所以这次竟然觉得挺出彩的。不过手抓饭的羊肉那么膳，烤羊肉串知道吗？,很好
从来都是外卖的，所以环境服务都不知道，新疆菜向来不以环境服务见长，就打个平均分吧，不知道有没有冤枉：）。,很好
不是第一次吃啦～每次都点大盘鸡，量真的是炒鸡多！羊肉串也很实在，羊排味道很一般，羊肉汤不骚，奶茶有点腥！酸奶很正宗！那个特色点心味道也不错，！牛奶饭也是每次必点的！,很好
菜越来越少味道也越做越急希望用心做,很好
如愿以偿吃到了娜帕里勇！附带小炒，手抓饭，丁丁炒面。,很好
中午经常去吃，生意很好，去晚了就要排队。中午有午市套餐，还挺划算的，点个套餐，再一人加两串羊肉串，一个酸奶，一扎饮料就差不多够了。不过说起来，最近一阵子都没看到过表演了哎,很好
没事就会去的餐厅离家不远味道服务都不错,很好
这家店生意真的很好这次还看到了表演,很好
大口吃肉的地方，味道一般，生意倒是很好！,很好
连六上好和同事一起出去浪一下，选了公司附近的耶里夏丽,很好
刚进店的时候恰逢舞台上在歌舞表演，说实话有点吵。。就挑了个角落坐下。,很好
东西有点油，不适合我，但是新疆菜来说比较地道，喜欢的朋友可以推荐来吃。,很好
下午路过正好进去吃饭，由于还没到饭点，店里人不多，点了原味奶茶，肉羊串，囊坑烤羊排，干煸炒面和羊肉炒饭，羊排的味道一如既往的好吃，沾上独门调制的酱汁，酸酸甜甜非常入味，羊肉炒饭味道也不错，米饭粒粒爽口，特别要说的是干煸炒面，其实用料很一般，虽然味道确实不错，但价格比羊肉炒饭要贵，感觉不值，毕竟配料只是一些蔬菜而已，最后还点了5元钱的黑加仑，量很少尝个鲜而已…,很好
和男闺蜜相约聚一下，好久不见，定期梳理一下心里的烦躁??两只瓶子一下午的叽里呱啦??,很好
没有太惊喜，菜量很大，8个人八个菜很撑,很好
这家店应该开了很久了。人气蛮旺的。点了羊肉串烤羊腰烤羊排奶茶牛奶玉米汁酸奶西域牛肉干煸四季豆等等。其实让我觉得最赞的是原味奶茶，入口丝滑，不甜的，很香滑。其次就是肉类。他家的肉都不会太油腻，比较清爽。总体来说味道还是不错的。记得必点奶茶哦！,很好
这家店吃过几次了，这次被他们家的咸奶茶惊艳了，入口很醇香，咸口适宜，喝多了也不觉得腻，值得一试！,很好
带儿子去吃，他比较挑食基本上都不吃～,很好
新疆菜真心蛮好吃的，就是每次来都要排队。有时会赶上表演。,很好
感觉只有咸奶茶好喝，土豆丝不错，肉类一般，基本没有调味过，不用调料都是淡淡的没味道。调料也是粉类。可能是先喝了奶茶，奶茶味一直留在口中回味，所以吃不出点心中的奶味，只感觉软弱凉凉的口感。歌舞表演朋友说减少场次了，只表演了3场。估计以后应该不会去了，除非想喝奶茶会去????,很好
羊腿还是不错的，不知道为啥下面垫羊腿的吸油纸上写的是“汉堡包”？采购的问题吧。,很好
味道还行，分量较多，比较吵。聚餐喝点小酒还可以的。,很好
诶..由于“失误”柚子订错地方，执行方案b！吃羊肉哈哈哈哈！,很好
烤羊腿量足、好吃，烤羊肉下酒绝配，大盘鸡马马虎虎，娜帕里勇奶味浓郁（适合配咖啡）馕过分配合上海人的口味反而显得不算太正宗，原浆生鲜啤酒味道不错169元挺贵的！我们要了4桶，酒的价格比菜还贵呢??????,很好
送老婆出门办事中午路过东方路，想着好久没来耶里夏丽了，就和老婆决定午饭在耶里夏丽解决，工作日的中午人还是蛮多，还好不用排队，按照惯例，凉皮和羊肉串是必点菜，老婆喜欢，本来准备还是老样子点羊排的，以前一直想点羊腿，碍于一般都是二人怕吃不掉，这次在服务员的推荐下选了羊腿，不过羊腿上来怎么不是热的，还去再加热，感觉羊腿没有羊排好吃可能第一影响不好的关系吧，餐后点了份羊杂汤，味道还是很正的，小小一碗，料也不少。,很好
还可以，朋友很喜欢，以后会经常光顾,很好
还是传统新疆舞好看[玫瑰][玫瑰][玫瑰]#有一阵没来，菜单又更新过了，越来越国际化了#,很好
跟同事吃个中午饭，人均50天，烤羊肉串味道不错，老酸奶也挺好。,很好
羊排不错，牛肉沾酸奶，很特别，如果牛肉在淡一点就好啦。,很好
每次运动完总感觉胃口反而变小了随便点点就吃得超饱大盘鸡很不错！周末早点来不用等位置比工作日好。幸好服务员帮我们漏写了2个菜否则根本吃不完啊,很好
耶里夏丽每次吃羊排吃多了都会被腻到，心想着以后不想吃了，但隔断时间又总是想吃他们家的羊排和羊肉串??????中午想吃羊排了就来了，好在不要怎么排队，这次学乖了只吃一个羊排，点了好久没吃的拔丝哈密瓜，我个人还是挺喜欢的，甜甜糯糯的。今天的羊肉串也不错，不像别家的很肥腻，都是瘦肉，要是多加点辣椒粉就更好了。烤鱼觉得一般，肉质挺嫩的，但是有鱼腥味，而且味道太淡。娜帕里勇和奶茶就不说了，每次必点，这次主食点了个新疆拌面，味够重挺好吃的，里面配料也蛮丰富的。,很好
拔z哈密瓜和奶茶超羊肉串有c冷掉了是正大烤的好吃大Pu一般般,很好
正宗，很好吃，人也特多，希望有机会再去。,很好
羊肉味道不错，手抓饭儿子喜欢，还有椒麻鸡也赞,很好
耶礼夏丽吃过好几次了，市区的一般比郊区的要好吃的多,很好
今天吃了很多菜，印象深刻的是羊肉串和羊排，不膻，很鲜美多汁。还不错,很好
感觉味道非常的赞！羊肉串好吃，羊排也好吃！一点也不膻，大盘鸡的鸡肉也很不错，没有鸡肋，酸辣土豆丝有入味，大枣茶好喝，香甜，小香菇很粘糯，多汁！不错，值得推荐！还有歌舞表演附送哦～,很好
大盘鸡不好吃，不过所有羊肉有关的都做的不错,很好
中秋去的，突然就想吃新疆菜，排队不是很久，等了几分钟就有位子了，味道还是很赞，服务一般，收盘子都靠自己，桌子太小，菜太多没有全拍，羊排很赞??番茄汤好吃，牛奶饭好吃又甜甜，酸奶健康好吃，甜点糕很好吃，羊肉串一般，焦了但是还有点冷掉了，囊和汤一起喝很好次，还有个小碗的羊肉汤一般，相比之下番茄汤好吃，还有一个叫冰草好像，也很特别味道好吃.但是，去的时候有表演，那个舞台音效堪比club，完全听不到别人在说什么，只能等到她跳完才开始点单，响到耳朵一直在耳鸣整个人都在震…………其实舞蹈什么的也是好的，但是音量有必要那么大吗…音量稍微小一点，也可以跳舞大家也可以交流不是很好嘛…,很好
很正宗的新疆菜，每次吃牛羊肉的首选！每到周末餐厅人气总是很旺，赶不上第一波饭店的话，第二波基本等位都要到8点左右了。餐厅里面餐桌位子都比较紧凑，但不影响用餐！,很好
人多！！点单总要多次追着服务员，??有阵很喜欢，去了好几次！,很好
一直很喜欢的一家新疆菜厅，这家店有点小味道还是一如既往的好吃。,很好
五点半去的里面人不多，到六点多外面都是排队的人里三层外三层，里面的菜都是实打实的肉，我们四个人消费了530吃的好饱好饱，走的时候还买了门口的葡萄80元两盒很甜的说是不打农药的，看上去很新鲜的，羊肉串只有3.5元一串点了20串有点多了，烤羊腿好吃138元，叮叮面我很喜欢酸酸甜甜的味道，大盘鸡一般，凉皮也一般，羊肉包饼不错，,很好
味道还好，上菜速度太慢了，希望改进,很好
都快成为家庭餐馆，每次来朋友都直接去这家，菜单更换了很多次，有表演，演员也更换了，总体来说，味道不错，啤酒也不错,很好
去的时候人挺多的，大厅有人跳舞、还有新疆小哥在烤串儿，提前定了包厢，九个人吃了八百多，菜味道都很棒！！！,很好
经常来吃的一家店，推荐烤羊肉串，路边摊没得比，只是不知道为什么很多菜很远来不太一样了，远来菜很大很多，现在好像小了很多，没有原来那么大快朵颐了，总的来说还是可以的，主要是口味没怎么变化，还是能够接受的！,很好
这家店的设计比较好，许多一家人过去吃吃饭。蛮好的。,很好
作为两个西北+东北的羊肉爱好者，会经常去的一家新疆店，很正宗，羊肉串好吃。羊肉手抓饭正宗，除了大盘鸡味道不够，其它都满分，会一直一直来,很好
环境不错，分量也还可以，属于性价比OK的。,很好
有一款甜点特别好吃，就是名字太拗口，烤羊排特别棒！环境有点乱,很好
第二次来吃耶里夏丽，上一次是在陆家嘴正大广场店，这一次来东方路店。点了羊排，羊肉手抓饭，牛奶饭，风味炒囊，火焰山烤肉，还有宝贝的飞机饭。羊排很好吃，又香又嫩，我喜欢不沾调料，更好吃。这里的手抓饭和正大店的手抓饭不一样的地方是胡萝卜的处理，正大店黄萝卜较多，都是切块的，东方店主要切丝，更喜欢切块的胡萝卜。牛奶饭虽然非常浓郁，但吃多了有点腻，还是喜欢有肉的饭。火焰山烤肉和羊肉串风味不同，大口吃肉的感觉真好。风味炒囊很有特色，没想到炒囊那么香脆入口，像吃薯块一样。,很好
总体比较好，每家店有差别，菜式也会不一样,很好
晚上一家人聚餐，事先订好了座位，六点到无需等待，直接进去了。全是牛肉的，还真有点吃不惯，大夏天的，吃的感觉会上火。菜的味道还是挺不错的，羊肉串：基本是每桌必点，,很好
我好久好久没来吃新疆菜了～嗯(*ˉ帷*)这味道真不错，羊排不错，炒饭里的葡萄干是亮点，凉皮也不错哟～羊肉串冷了就不好吃了，一定要趁热吃！都说娜帕里勇好吃？嗯……一般啊，可能辣的吃多了，尝不出来→_→,很好
东方路这家店还是第一次去，之前去过正大的分店，感觉还是没有第一次的惊艳感，囊坑羊排还是一如既往的保持了最高水准，真的是香嫩可口，但其他几个菜都不是很满意，特别是服务员推荐的那个当季菜土鸡蛋炒韭菜，家里炒的都比这好吃。所以去新疆菜馆还是劲量点烤制的为主，炒菜新疆厨子不擅长。,很好
和朋友在附近聚会后，正好饭点就找了附近的这家店来解决晚饭问题。我们差不多是五点半就到的，刚刚开始排队叫号，我们等了差不多5分钟就轮到了，运气还是很好的。,很好
味道还不错，还有节目，新疆舞跳的一愣一愣的,很好
第一次来这个店，观摩了载歌载舞人声鼎沸，根本无法交流啊！超级大盘鸡真是无比巨大，19个人还是没有吃光.....,很好
确实是个吃肉的好地方，每次想吃肉的时候都会去，每次去羊排也都没让我失望。吃肉喝奶茶，看舞蹈的确很舒畅。一直很好值得期待。,很好
就突然很想吃新疆菜，立马叫车！就是这么任性,很好
又能吃饭又能看表演大盘鸡里的面皮上来都被吃了只剩鸡肉了还有一个面包里面是牛肉的那个菜也很好吃羊肉串羊排就更不用说了店里还有买葡萄小小一粒也没有籽,很好
现在没有拔丝苹果了，拔丝哈密瓜真心不好吃啊…为了等歌舞表演没有确定的时间，等到七点说是七点半开始，等到七点半说是八点开始，然后还是没等到…,很好
最近常来这家吃，吃了又想吃。,很好
口味不好吃也不难吃，中规中矩！但是就是很忙！服务也是一般吧，做出名气了，1000多平的店很快就满了。东西量很少，一盘上来几口就没有了。价格不便宜，出餐速度非常快！歌舞表演很不错，人均100多，总体还不错吧,很好
食物本身就味道，生意很红火。人满为患座无缺席，我个人比较喜欢酸奶。好吃菜一般可能是我重口味吃多了吧……走的时候带了盒葡萄没有想到还不错。挺甜.,很好
手抓饭不错，奶茶也很赞，羊排可能点多了，有点羊腥味，酸奶比较一般，白色的奶糕，奶香很浓郁，但是也容易腻。,很好
总体感觉还可以，跟新疆本地的比起来还是明显感觉有改良的！肉和蔬菜烧的还不错，鱼千万不能点，在新疆饭店吃鱼是浪费钱！,很好
进去感觉很热闹，人很多，还赶上有跳舞的，气氛不错，东西也好吃，大盘鸡酥烂，味道也超好，就是那个馕，太小了吧，比平时见到街上新疆人卖的小多了也，不过味道还可以，香香的，手抓饭里的葡萄干超好吃此，总之还不错,很好
不错的新疆菜，还是比较符合上海人的口味的,很好
中午和同事来吃新疆大盘鸡，两个女生只吃了三分之二，因为量实在太大了！味道还算可以，点了咸奶茶，超赞！,很好
多吃了几次就没多大感觉了，环境还可以，晚上有时会有表演,很好
喜欢羊排，肥瘦相间，软糯可口！酸奶马马虎虎，牛奶饭更像是甜品，是浓奶酪加糖，少许饭粒，娜帕里勇口感像有层次感的起司蛋糕，客人蛮多的，一点钟过去还有7-8桌！点评上买了5元的白葡萄尝鲜价，一小盘，甜美小巧！,很好
大势推荐丁丁炒面和大盘鸡，羊排和羊腿我们去的时候已经没有了，所以真的比较可惜，超级超级想吃那一家的烤羊排和烤羊腿，等位置大概等了两个小时的时间真的是人生艰难的感觉了！不过真的推荐大家吃那个葡萄汁，爽口到不行！,很好
除了肉还是肉，容易饱。但是服务真心不错,很好
挺好吃的，分量也多～服务也还不错～,很好
有表演～新疆妹子美美哒～而且今天坐的位置也还不错…羊肉膻味有点重………帕娜里勇好次～酸奶也还口以～,很好
大盘鸡我最爱……土豆和面，酸奶不错！,很好
大盘鸡味道正宗，凉皮也不错！这家比正大广场那家好吃。小朋友最喜欢看新疆舞蹈,很好
两个人点了一个羊肉手抓饭、一个拌面、一个馕坑焖牛肉，几个菜都还不错！特别想吃大盘鸡，但是考虑到两个人吃不了就没点。店里人很多，一点多还很多人，还有表演，男女合跳新疆舞，做的有点远没看清。隔壁桌点了一桶啤酒，是玻璃容器装的，感觉很有意思，还偷拍了照片。总的还不错的,很好
生意好服务一般菜做的不错啊,很好
杨丽服务热心菜品丰富总体不错,很好
工作日中午和一众同事去开个荤。,很好
想吃凉皮没有，鱼吃不惯，但甜点娜帕里勇，很好吃，羊肉串也好吃,很好
据说这家店生意一直很好，需要等位，只不过等位的地方空调不太好，很热！,很好
羊肉串が冷えて冷めていたのが、荬摔胜盲俊ａ帷⑶安摔先に出て来ないのも、残念。,很好
杨丽很不错，葡萄很好吃，菜品丰富,很好
中午外出觅食，很久没吃耶里夏丽了，有点想念。饭店旁边有少量的停车位，是收费的，一次10元，凭停车券可以送一个酸奶。羊肉串辣和不辣的都点了些，话说还是辣的好吃。大盘鸡是每次都会点的，性价比很高。出于好奇点了个看上去好玩的面包，不过不太好吃。中午没有表演，略有些冷清。,很好
味道还可以，羊排不错，人比较多,很好
味道还是很不错的，推荐考羊排，凉皮也很好吃，奶茶很好喝，一定要喝，在附近上班，以后还会再去,很好
新疆特色菜还就是耶里夏利做的好清真食品的好去处。喜欢羊排；羊腿；羊肉串；石河子凉皮；酸奶；大盘鸡（里面的土豆）；青菜做的也不错例如菜心跟广东芥兰。新疆黑啤。我带法国人一起来他们都吃不惯娜怕里勇，我是挺喜欢的哈哈。九点半前一定要都下单了否则没人管你因为九点半准时不接单了……,很好
数个好友要聚聚，耶里夏是一个不错的选择。新疆一直是梦想中要去的地方，虽然现在世道不平，无法过去那里H见美景亲炙美食，那么来新疆菜馆吃吃，倒也可以解解馋。,很好
羊肉还不错很幸运等了5分钟就进来了,很好
跟前辈聊天收获颇多吃饭是其次哈,很好
经常来吃饭的一家餐厅，人气很旺。,很好
来过几次了，对这家的印象一直不错，这次帮娃过生日~家里聚会六大一小来这边，事先定了位子，给了舞台边上的圆桌子~坐的还算舒服，有宝宝椅~,很好
味道不错量也足，工作日生意也很好,很好
去过很多次了，卫生和环境都不错。,很好
口味跟我在乌鲁木齐吃的差不多但是量只有新疆的一半在上海吃到的新疆菜这家算地道的,很好
很好的餐厅，好吃哈看，会经常光顾,很好
量越来越少，还好没点大盘鸡。看到旁边一桌的大盘鸡。这明明是大盘土豆嘛……好大颗的土豆好大一个盆子鸡少的只有几块。羊腿羊肉串味道可以的。,很好
味道不错，环境一般吧，服务有点三流，菜单要自己手写。我也是醉了～,很好
中午去吃的，还可以吧，气氛肯定没有晚上好，服务员挺多。菜品还行，羊肉是特色，但是味道没有特别惊艳的感觉。性价比也一般。,很好
又来一次还是盖爽服务不错这次最赞是酸奶,很好
很不错的餐厅，最喜欢他们家的酸奶和羊排,很好
一直来这家店吃，味道非常不错，尤其是服务员马玉龙，很细心的小伙哦！,很好
服务态度很好，特别是有位叫周萌萌的小姑娘，动作很麻利，保持微笑很热情。,很好
口味没问题，就是羊腰咸了，服务一般般，生意太好了……正常现象……,很好
还是原来的味道，已经很久没时间外出就餐了，今天带俩宝一起来打牙祭。不得不说大盘鸡的味道太棒了，沾着浓郁鸡汤的面条劲道入味，土豆入口即化，满满的鸡汤香浓，鸡肉反而没有那么惊艳的感觉。运动过后不要来这里吃饭，不然运动消耗的热量全都能百倍补回来。他家的烤羊肉串没来必点，但是吃到烤羊排和烤羊腰以后，羊肉串就不那么吸引我了。所以……太好吃了的结果就是今天一家人白游泳了。不过我很少能吃到著名的羊肉手抓饭，遗憾,很好
不错不错，下次再来，马亚丽服务特别好,很好
味道还是很不错的，离公司很近的一家店,很好
耶里夏利吃吃羊肉还是蛮好的，还有舞蹈助兴，吃饭气氛非常棒！最喜欢娜帕里勇，冰冰的非常好吃，一点都不输给西式蛋糕，跟奶茶是绝配！羊肉串一串非常大！吃一串就很饱了！非常划算！酸奶也很正宗，喜欢酸奶的朋友一定不能错过噢！,很好
菜品不e吃，特e是羊排和烤羊肉串，有歌舞表演，甚至有蛇出]，，r扎果汁也好喝，喜g吃羊肉的同好可以，另外有蕃茄跖Ｈ猓也是我喜g的口味，酸奶也不e喝，整w上，人算喜g@些料理，下次可以考]一下在此公司聚餐,很好
性价比之王，味道好，价格便宜。家里有回族，所以经常去，生意太好，包房得提前一周预定。,很好
小贵。羊肉串不错。总体羊肉还是挺好。大盘鸡不建议点，鸡肉一般性，土豆块太大，有的里面还夹生,很好
晚上吃饭的，等位扔多，服务员餐桌收拾也慢,很好
服务态度非常不错，但是口味只能说一般般吧,很好
好久没来拔草，依然点了招牌羊肉饭，大盘鸡里的大块土豆超级棒，吃多会觉得饱。饭堂有个大舞台，晚上去可惜也没看到表演。旁边一桌男的点了??，是用很高很瘦的容器装的，不好意思偷拍人家，所以没上照。蜜瓜有活动，好像每个月都有水果活动。,很好
在附近的中油酒店住宿，朋友推荐过这家餐厅，看到离得近就和朋友一起去吃了,很好
就在家附近，老妈想吃，当然要来啦！,很好
人气挺好的菜口味不错店不太好找,很好
Overallverygood.Justalittletoonoisy.Theshowsarealwaysthehighlight.,很好
好吃，,很好
菜的口味有点偏淡，服务态度倒是很好。,很好
好吃（鹰嘴豆泥）好喝（奶茶），谢谢袁俊峰和其他服务员的努力。可惜少了以前的咸味酸奶，不然会更好吃。还有，需要提供冰水服务。,很好
周末的晚上去的，里面人实在是太多了，而且桌子也排放的特别挤，但是由于中间有个舞台，所以，有点像酒吧的感觉！,很好
口味不错，没啥优惠，好不容易送个优惠券，下次才能用,很好
不错，就是没拿到优惠券，说好会发到帐号里的，但没有。,很好
耶里夏丽的口味还是不错的，喜欢吃羊腿，很赞。羊肉粒包菜那个也很赞。每次必点,很好
还好还好还好，其实门口有优惠券，买单没人提示，出来才看到,很好
一般般吧，没以前好吃了，演出也一拖再拖，比说过好的时间晚了半小时,很好
觉得他家食材还不错。新疆大盘鸡像是在吃家常菜,很好
一直都感觉一般，反正不好不坏，略吵…,很好
味道很棒，风味炒囊特别推荐，脆脆的，很入味！环境很棒，服务也很棒，接待我们的小王王丽娜服务很周到。,很好
午市套餐比较实惠，人多人少都合适,很好
新疆菜的首选，味道还是一样好，菜单换新的了，洋气了许多，但是价格也做了调整，涨价啦！,很好
请客户，羊排酸奶必须的，啤酒可以，大盘肚不推荐，晚餐有新疆舞助兴,很好
马玉龙先生服务很好。吃得很开心,很好
菜品一般只记得丁丁炒面和羊肉串了酸奶也很好,很好
家附近的店，一直听朋友说这家好吃，特意来尝尝，羊肉串很香哦，菜品份量不太多，吃饭时会时不时的跳新疆舞蹈，音乐太吵了，说话都听不见了。,很好
羊肉很好吃还有哈密瓜??????,很好
娜帕里勇，很好吃！每次去都会点这个。还有酸奶也是～,很好
人太多了每次都要排队半小时以上停车也不方便不过服务态度不错菜味道也不错,很好
哈密瓜有几片苦的，包房不实际隔离，但却不能点套餐,很好
菜的味道不错，就是人多，感觉有些乱，服务还好，赞一个！,很好
等位什么的真是不一般啊??????,很好
原来在五角场的时候会去耶里夏丽吃饭，大盘鸡和石河子凉皮必点，可是这次在张扬路这家的大盘鸡，鸡肉有点老，土豆煮的特别结实，不软糯，而且一点都没入味，好失望。其余菜色口味中规中矩，幸好舞蹈表演和蟒蛇演出精彩。,很好
金元平服务不错。，，，，，，，，，，，，,很好
"耶里夏丽上海很火的新疆菜，味道还不错，经常去吃也就没啥感觉了，去它家吃饭不能饭点去吃，人多的时候就会质量下降，这次点的烤鱼特别没有味道，没烤透,一点滋味米有，石河子凉皮每次都必点了、味道真的很棒，辣椒油很香，每次想吃新疆菜都会跑到耶里夏利，整体都还不错！。",很好
各种肉类，吃的管饱。因为周末人很多，做的都很挤很吵。,很好
人好多舞台表演音乐开的好大声耳朵受不了,很好
来撸串忘了拍照，不过菜就那几样，哈密瓜很甜。,很好
口味一直不错，羊肉串还是很地道。就是熊孩子太多太吵啦。,很好
大盘鸡感觉一般，拔丝哈密瓜有点太甜了,很好
突然想吃羊肉串了就来了，就是每次有表演给条??这种有点。。其他地方估计要排队。,很好
总体不错，就是中间有蛇出现还挺惊悚的,很好
口味很不错，人超多的，大盘鸡味道很好，量超级足！！,很好
喜欢吃这里的羊排，不过每次来生熟程度都略有差异啦感觉。菜量蛮大的，人少吃不了多少东西，这次来还特别便宜，两个人就吃了一百出头也是蛮节约的。下次多点几个羊肉串了，发现只要不点大盘鸡就可以多吃一两个菜了。大盘鸡实在是太大啦哈哈哈哈哈,很好
月初下暴雨那天来吃的耶里夏丽，发现还欠一个点评。。。,很好
在公司附近算不错的餐厅了，食堂吃腻了，偶尔多走两步就算去打打牙祭了。,很好
味道不错，怪不得开了辣么久。?b?(ノД`)?b?。,很好
羊肉串算是亲民的价格了！不过感觉还是10元的铁签好吃啊！自制酸奶有点老酸奶的口感！,很好
来当电灯泡的??????,很好
这里的菜味道没得说一直保持着、西红柿牛腩做的火候很好、开胃下饭、烤串儿好像是电烤的、没有吃出来炭烤的味道、不过也挺好吃！中午1:30去的服务员好像有些累了、服务稍微有点跟不少！不过还是给予鼓励和支持、不容易小孩子！还会再去吃。,很好
店里非常火爆，等了半个多小时才轮到我。菜品都很有特色，各种羊肉太适合我这种食肉动物。强烈推荐甜点，和平常吃的有很大区别，就是消费略高，两个大汉吃了280。,很好
这里不是离家最近的新疆餐厅，但吃新疆菜总会选这里,很好
刘妮服务很好，菜很好吃。上菜也很快。还会来。,很好
去上海玩，朋友带我去的。他家的奶茶真的蛮好喝的，羊肉串觉得没什么，但是羊排不错，很嫩。其实菜都觉得就还好，最让我印象深刻的是哈密瓜（忘记拍照了），是新疆空运来的），真的好甜好好吃。,很好
人太多了，排队排了将近一个多小时，等排到我们，很多菜都卖完了，演出也结束了。羊小排一直是我们爱吃的，很嫩。总体还是不错的。,很好
味道还是很不错的！就是店里的维吾尔族风情表演时，音响声音实在是太大了，简直震耳欲聋，强烈建议调小声音。,很好
来这就是大口吃肉的节奏～除了羊肉串，还有烤羊排，接连几个硬菜，有点塞不进的感觉……,很好
味道还是可以的，生意太好，整个闹哄哄的，服务员也乱窜,很好
小贵，味道还可以，环境有点嘈杂,很好
还不错！来了几次了！喜欢炒囊的味道,很好
味道还可以，人气挺旺的，服务员穿名族服装,很好
人太多了，环境比较吵，味道还不错，上菜也快,很好
被改良过的家乡菜，供应的菜品和水果的材料都很新鲜。,很好
每次都点多，吃撑。还是觉得小贵呀，每次要吃人均100+,很好
妈妈很喜欢耶里夏丽，因为喜欢吃羊肉，所以隔三差五我们就要到耶里夏丽报到，点菜都是老三样，大盘鸡，烤羊排，馕包肉，后来吃过一次烤羊腿，发现比羊排好吃呀，不过撒调味粉还是蘸料都很美味，就是不知道为什么，每次上来都不是热的~~~~(>_<)~~~~。大盘鸡吃过了感觉就那样，鸡肉不是很爱，但是里面的土豆和面条很喜欢，每次这两样东西都会吃完，鸡却剩下来。馕包肉下面一个馕，上面是羊蝎子，这个也是爱馕胜过羊蝎子的，特别馕沾满了羊蝎子的汤汁，吃上去更加美味了。新疆小炒也是我们必点的，豆芽、韭黄、鸡蛋炒来很爽口，自己家里试着做过，但是没有店里的感觉，做出来全是汤水，不知道为什么。手撕椒麻鸡和凉拌牛腱肉也很不错。凉皮感觉一般般。手撕包菜也很好吃。这次还新点了一个大盘肚，也很不错。到这家来吃就是肉肉肉，吃多了觉得腻得慌。但是隔段时间不吃又会非常想念，哈哈。他家的奶茶也不错，每次都是一壶甜的一壶咸的，因为难以取舍呀O(∩_∩)O。服务态度不错，当中还有美女跳舞。,很好
一如既往的好吃！感觉晚去了服务不那么好！,很好
又点多了，少数民族兄弟就是实诚，量太大了??。,很好
听很多人说耶里夏利的牛奶饭很好吃所以这次是冲着牛奶饭去的虽然是一点到店可是人还是比较多可能因为是周末的原因吧刚进店就有人拿着杏子让你试吃果然天下没有免费的午餐吃了之后就各种让你买我说我吃完饭在看服务员还说到时候就没有了哦靠那里最少也有50盒吧我吃个饭最多几十分钟的事就会全卖光？,很好
可能是不懂欣赏新疆菜，大盆大盆的鸡并不觉得很好吃，有表演，会互动，想深度热聊的这家就会显得吵，他家奶酪甜品好吃，还特地买了一份带回去,很好
除了牛奶饭，其他都忘记了，只想说给我一碗牛奶饭！,很好
经常吃，非常好，羊肉串很赞，酸奶，,很好
环境有特色，菜品也符合个人口味,很好
同事小聚，等位很久，本来前面只有两桌，居然等了半小时。厅里人也是满的，没有隔间，太嘈杂，说话要很大声才听得见。没有点招牌大盘鸡，不想吃鸡～点了番茄牛肉，孜然牛肉，凉皮，羊肉卷饼，拌面什么的，个人口味不同，总体味道偏浓烈，番茄汁也很浓郁，最爱吃孜然，吃了好多肉～减肥第n次失败。凉皮味道一般，无功无过，不比有的路边小摊好吃。哈密瓜汁不错，挺清淡的，喝了两大杯。特色舞蹈挺好。。。音乐很有激情。,很好
又来了，中午还看到的新疆舞表演，气氛好，真心不错。,很好
中规中矩的新疆菜，没有点招牌的大盘鸡。,很好
羊肉串大盘鸡都不错，推荐........,很好
中规中矩的新疆菜，以现在上海遍地的新疆而言，少了些特色，也少了些创新的东西,很好
工作日中午还多人排队呐都是周围上班族很意外两个人没有等位,很好
越吃越一般，不想再去，手抓饭都是夹生的，头一次吃到这么差的！,很好
ok还不错～今天来晚了最爱的羊排没有的凉皮也没有了～羊腿的肉还行没有羊排的肉嫩…,很好
烤羊排，酸奶不错，其它一般般的,很好
吃烤羊肉和羊排的好地方，新疆菜比较辣,很好
常客了，想起来撸串就去他家，永远是人头攒动。,很好
孜然羊肉太肥，不如馕烤羊肉。,很好
馕坑烤羊排69，非常不错！很喜欢，处理的很好，没有羊膻味，肉质鲜嫩，近期肉类最佳,很好
白色的点心好吃，不是很甜,很好
蛮好吃的，就是羊腿是温的，不是热的。,很好
老爹节，拖家带口的来开荤,很好
就在公司附近，想改善伙食了就去，羊肉串铁签的比竹签的好吃。,很好
有舞蹈演出，气势很赞。没有吃到甜杏。遗憾,很好
这家新疆餐厅已经久闻其名，这次孩子的中考正好在边上，中午就借机来尝试下，孩子可能比较饿了，菜上来就下筷，都来不及拍照。,很好
朋友带去吃的。就餐环境不错吧。挺适合带小孩去的。作为第一次在上海吃的烤串，没有让我失望吧，虽然比不上北京的。价格都有点忘了，应该人均一百多吧，跟基友一起吃的,很好
烤羊肉串3.5一串，太值了，良心价！！！跳舞没看到。。。其他菜跟所有的新疆菜都差不多吧，可以的,很好
生意超好，味道也好，服务员盖爽态度很好,很好
中午很很多的，提前过来，还是等位了。不错！,很好
一个月不到已是第二次光顾这家店，这次是带着爸妈来尝尝新疆风味。四点多到店，已经开始营业，顾客非常少，靠窗落座直接下单，但有几个想吃的菜（羊肉手抓饭、番茄炖牛肉）要五点半正式营业以后才有，真是挺遗憾的！【羊肉串】3.5一串每次必点，肉质扎实略有肥肉相间，很香很好吃，性价比十足。【馕坑烤羊排】69一盘5根这也是肉宝宝的最爱，肉质鲜嫩不会很肥腻略有汁水，一口下去真是大大的满足，进店必点哦！【薄饼羊肉卷】46与香料一起翻炒过的羊肉粒和洋葱粒，包裹在韧性的面皮里一起吃很香，慢慢咀嚼过程中还能吃出一丝洋葱的甜味。爸妈觉得羊肉粒翻炒后会有点老，性价比一般，看个人口味吧！【萨姆撒】24四个烤羊肉包子，内陷非常多，肉质不错，不会嘈杂边角料不好的肉，又能当点心又能管饱肚子，挺不错的。【丁丁炒面】22个人觉得不像传统炒面，是番茄汁放入洋葱一起炒的面，酸酸甜甜挺开胃好吃，面很小当初看图片还以为是玉米粒呢，这道菜也算店里特色，喜欢面食的朋友可以试试。【白灼菜心】18口感似芥兰，略微有点苦，但很爽口解油腻，还不错。【娜帕里勇】24四个，类似奶酪膏，不会很甜奶味十足，是一道西域风味的甜点，女孩子会喜欢。最后来一道【自制酸奶】9也是每次必点，好吃的老酸奶口味，即解辣又爽口。一餐下来爸妈还是挺满意的，店里的菜口味大多不会让你失望，人均也不会太贵，目前大众支付有满100送10元券的活动，希望下次能吃到手抓饭和番茄炖牛肉，哈哈！！！,很好
跟朋友来哈尔滨出差然后到了这家特色的店感觉环境不错,很好
男朋友想要去尝尝就去了周二晚上我们去的时候人还行等了一会就进去了大盘鸡不怎么好吃羊排不错表演的时候有点吵～但还是不错的用了招行的85买100券挺好,很好
周萌萌服务态度好，菜品有特色，环境气氛比较好,很好
位置很好找，出了浦电路地铁站直走就能到。,很好
先出现了单子错误，140元要退需要2、3个工作日，小插曲……马玉龙小伙子不错,很好
西域菜中的典范，味道没得说，但性价比不高,很好
总体尚可，但羊肉串和馕都不太满意,很好
这家感觉小一点服务有点不及时菜么总体还不错可能还太早吧没high起来的赶脚....哈哈,很好
上个礼拜吃的吧有段时间了……羊肉串性价比很高手抓饭真不错……就是我们的人少没点大盘鸡下次去感受下,很好
上菜速度超快，下单后不久一份大羊排就上桌了，表皮脆脆肉质鲜嫩口感极佳，番茄炖牛腩一上来就被扑鼻的番茄味吸引了，选上一块牛肉一口咬下酸酸的茄汁裹着酥嫩的牛肉好满足，真想来一大碗拌酱吃。丁丁炒面很有特色不是我们常吃的那种是一粒粒像玉米粒那样的形状因为也有番茄酱所以很开胃，石河子凉皮也推荐一下，三个人基本把菜都消灭的差不多了。,很好
口味不错，第二次来这家店了，张露露，谢谢你，服务很好,很好
大家投票决定来这里，从八佰伴走过来，大家快累死的时候就到了，门面不大，进去后别有洞天，才感觉是个大餐厅哈哈~,很好
周末带孩子去那里吃了个中饭，味道还行，19元一份的土豆量少还有2个空的，不值得买，这点冰草26也有点贵。娜帕里勇味道不错，浓郁奶味，那份面食酸酸的也很可口，烤羊排也很好吃，特别外皮，千万要热的时候吃。,很好
一直去的餐厅服务口味都不错！还有表演看～,很好
很好啊。。。。人气很好的新疆菜餐厅。。。晚上还有跳舞什么的。。。。性价比很高。。东西也非常好吃啊。。。赞。。。东西很正宗。。。味道非常好啊。。。分量也足够。。。。羊肉手抓饭。。牛奶饭什么的。非常好吃。。。。。,很好
就那样，对付一下午餐……………,很好
这家的羊腿和羊肉串我给100个赞，好吃才是硬道理，话说环境还不错，喜欢吃羊肉的朋友可以去吃吃看,很好
和同事中午过去吃饭，人有点多，需要排队，羊肉串很大串，价格很优惠，羊排也很好，哈哈，我们这帮女生都是食肉的，只是大盘鸡土豆太多，鸡肉有点少，女生都不够吃，酸奶挺浓的，环境还好，还有老外也在吃，服务也还好，买单时最速度～哈哈～估计每家店服务员都是买单时最积极吧～,很好
口味超正宗，特别是酸奶加羊肉串，哈哈，而且还有好多优惠的地方，就是每次去都要各种排队，这次去，邻座的台湾大叔还把自己的优惠券送给了我们，说他们用不上，然后，烤鱼跟最后一张蛋糕,很好
突然想吃大盘鸡于是说走就走土豆好入味的又粉又面赞！,很好
耶里夏利哪家店到吃饭时候都需要排队，东方路这家特别火，大盘鸡加皮带面，辣度刚刚好，面条很有嚼劲。椒麻鸡麻的我嘴唇发抖感觉很美妙！羊肉串是每次必点的，分两种铁棒串的大些10块一串，竹签3.5一串感觉竹签好吃，比较香不只是不是心里感觉！走的时候带了包大包葡萄干回家继续解馋??,很好
排队人太多，如果不是和朋友去，实在受不了排队5个小时，菜品不错，环境一般，因为人太多,很好
菜色口味一如既往的好，服务态度很好,很好
新疆菜最喜欢耶里夏丽了，菜还不错，还有跳舞节目，就是人多了点,很好
离公司比较近入职半年第三次来吃了这次特地点了和之前不一样的菜式羊肉炒饭超级好吃里面有个酸酸的不知道是水果还是啥配在饭里超级好吃这次点的菜不多但都吃光了停车券可以换招牌酸奶招行现在还有85折代金券很是划算呢,很好
一如既往的喜欢，很地道，很热闹。,很好
唱歌跳舞的，气氛挺好，就是声音大了点。菜味道不错，分量一般，估计是新疆菜缘故，蔬菜种类不多。,很好
吃过次数不多，但印象蛮好，菜色蛮不错的。然而本店的店中央表演区域在非表演时间会被熊孩子们占领……手动白眼,很好
怀孕的时候想吃没吃到，今天终于吃到了，味道还是不错的，就是奶茶喝不惯，羊奶味道太浓了，楸片子汤面好吃，番茄汤底，来了太晚了羊腿羊排都没有了，牛奶饭太腻了。,很好
新疆的菜馆，味道还行，中间有舞台，晚间演出,很好
完合同^沓酝盹。。天天@混。。感X好久]去浦西啦。。某人巴拉巴拉X得|方店]有商城店那N方便。。?????????。。作孽啊。。月底_工後。。就要忙酒店啦。。忙碌滴下半年。。晚上ac肉肉。。呆子垩蚺拧！Ｎ叟Ｄ田。。新出滴火焰山烤肉串不e。。他家銎た诟胁诲e。。反正以後都要混E在@e。。,很好
感觉新疆风味没有那么浓郁，但是也还不错，羊肉卷饼稍辣一点,很好
突然想吃羊肉串了，就来东方路这家就近吃下，服务员南玲真不错，随叫随到！,很好
演出常演常新，不是一成不变的。,很好
一直吃的新疆菜大盘鸡必点菜奶茶也很浓郁羊肉串更是味道正宗,很好
今天中午去浦东办事、去的这家耶里夏利、以前也总去，但今天想写点评了。羊肉串啊、凉皮每次必点，这都不用说、铁板菌菇牛肉也比较入味、里面的蘑菇好吃。小土豆我第一次点、蛮面的，但只有表皮有味道、里面土豆没有味道、不入味儿！一般般！里面如果再进进味儿就好了！样子蛮可爱的、小小的圆圆的！,很好
新疆餐厅里吃过总体水平最高的。不过烤串精致化以后没那股子新疆的朴实味道了,很好
新菜味道不错，一顿饭观赏了四次舞台表演，精彩。,很好
表演节目挺好的，环境有点嘈杂。,很好
肉质鲜美，食材不错，值得信赖的,很好
郭小艳服务可以，一定要写她好，那就写一次喽,很好
经常去了。中规中矩的新疆菜馆。烤肉一直没有涨价得点个赞。,很好
羊肉还不错，凉皮太坑，尤其是对于来自石河子的我，大盘鸡也太一般，还没自己做的好吃，奶茶正宗，建议吃吃羊肉喝喝奶茶就好,很好
周萌萌…服务确实不错。态度热情,很好
味道还可以，价格一般，100左右人均，不过和正宗的新疆菜比起来还是差很远。,很好
味道不错，服务不错，价格不错，服务员魏霞服务很好,很好
#馕坑烤羊排#羊排肉很嫩，肉也很多，吃起来好满足，蘸料一般。,很好
口味还可以，难得来吃吃新疆菜蛮好的！,很好
耶里夏丽一直是很爱的一家餐厅，可能口味经过改良更迎合了本地人的口味，我觉得比在乌鲁木齐本地吃的新疆菜更加适合我。这是比较少的一家点菜不怎么会踩雷的餐厅，基本不会点到不好吃的菜品。大盘鸡鸡肉很嫩，土豆很面，皮带面沾酱料特别入味。烤鱼看着外皮很糙很干，实则内里鱼肉烤的非常细腻，肉质很q弹。羊肉串很便宜，才3.5一串，肉串也挺大的，味道也很好。意外的是，新疆餐厅的甜品都做得非常非常好，尤其是那帕里勇，奶味很重却又不腻，爱的不要不要的，几乎都是想来耶里夏丽的首要理由。牛奶饭也很香浓，男生也会很爱。果汁也是相当实在，完全不掺水的原汁原味。自制酸奶醇厚浓郁，零星的葡萄干很甜。大爱大爱,很好
味道可以上次很快，就是人少了点不了菜，味道是上海摊上新疆菜味道最好的了性价比也不错,很好
吃肉特别爽，性价比超高，环境也不错，可能顾客太多导致服务有点跟不上，可以理解,很好
挺不错的，还有表演看，就是等的时间有点长,很好
"很多年毅力不倒的老店，一定要记得1,3,5的表演是7:30pm开始，2,4,6的表演是6:30开始，不然去早了，吃完了在那里等表演的感觉很差。很火爆的店，人多一定要去的早，因为提前一天电话已经不接受预约了，必须人肉去占位置。羊腿很好吃，烤的程度正好，点了个从来没试过的鱼，味道也很好。特别惊艳的是米布丁，超级好吃，入口顺滑，偶尔会有几个米在里面，调剂下口感。如果不用这么辛苦的等位，我还是很期待短期再来的。",很好
生意太好，人太多，等太久，菜还不错，不要点海鲜,很好
耶里夏丽吃过好几次，不过人广店居多，印象也是蛮好的。,很好
总体来说不错，不过点了主食和肉，竟然先上的主食，是准备直接让我们吃饱吗？,很好
菜量依旧很足，馕坑烤羊腿、大盘鸡是大人的最爱，娜帕里勇、牛奶饭是小朋友喜欢的。尝试了下薄饼羊肉卷和羊肉抓饭，个人倾向前一个，大概有8张饼吧，馅料也很入味，还可以和羊肉抓饭拌着吃。话说，抓饭要到17：30后才能点单，记得提醒服务员，饭挺管饱的??。,很好
味道不错，环境有点闹。服务员马玉龙,很好
不错不错，服务生小周也挺热情的。,很好
第一次来吃，羊肉串不错，羊排不错,很好
慕名而来，环境好，有歌舞表演，味道很赞，服务员小哥叫吴朋宇，服务非常好，总体感觉很好。可以再来,很好
羊排可以，其他菜品感觉一般。王建丽,很好
很有吃饭的感觉，菜品也挺多的，就是人多排队时间长了点！,很好
迎宾周华铮服务特别好，赞一个??,很好
去过很多次了口味不错但是已经不经验了个人最喜欢吃的是各种馍无论是烤的还是炒的香脆和滋味都很足丁丁炒面一定要试一下愿意吃面食的我每次都点很多人都喜欢他家的酸奶味道比较纯正开车去的话停车费的发票可以兑换酸奶哦过生日的时候拿出身份证会送面条一碗很劲道但是汤味一般,很好
集体活动，小伙伴们都很开心，还有表演，前台的周华筝小姐很热心帮忙，赞,很好
一如既往的美味，感谢马玉龙的服务,很好
菜还算不错，就是这个硬件不好，盘子都是坏的，直接胃口了。,很好
爱吃肉的来大盘鸡羊肉串什么的好次,很好
推荐娜帕里勇，很爽口不油腻的甜点。,很好
好久没来了虹口龙之梦那天正好隔壁体育馆有球赛导致人超级多还好在出门前在网上提前等了位所以一到就进去了,很好
有几道菜是惊艳的，茶树菇那个就很不错，但是大盘鸡比较普通，下次应该不会再点，环境布置挺好的，就是有点挤，然后服务员是分区的，但是他人时常去忙找不到呀！别区的明明没事在看表演就是不愿意跨区帮忙下，有必要这样吗！?,很好
每年至少会来1-2次的店，性价比之王。今天两人来点多了，扶墙出去！,很好
新疆菜，咸奶茶好好喝，娜帕里勇香，不会过甜奶香也重，赞,很好
菜口味还可以需要提前预定，就是太吵了有表演说话都听不见,很好
很喜欢的新疆餐厅，味道都不错，菜量也很大基本不会点错。除了环境比较嘈杂，因为有歌舞什么的，讲话要很大声。服务员马玉龙小伙长挺帅，姓马是回族是么……（关注点偏了……,很好
羊排羊肉串太好吃丁丁炒面也不错还是比较正宗的饭点人好多要排队6点之后还不能预约不过总体还是不错的,很好
人气很旺的新疆餐厅，这家不像其他分店人多，不过每次来也要排队等候的。,很好
中午去的没有排队，也有表演，气氛蛮好。羊肉串、大盘鸡和酸奶是每次必点，大爱。烤羊排有点老，口感不太好。吃好出来结账的地方还有打印照片的，没事玩玩挺好??,很好
经常来吃，排队还好，可以接受，有点拥挤，很热闹，菜一如既往,很好
菜不错，就是结账时没喝完的酒没帮我退，结完帐就不给退了。,很好
很正宗的新疆餐厅，晚上6点后就要等位了。中午和晚上都会有歌舞表演，气氛很high，不过音乐真的好吵。,很好
比较拥挤，中午吃饭要拿号排队，味道还可以，服务态度很好，速度比较慢,很好
味道很好，可以表演开始有点晚，没看到,很好
等位时间太长其他都还好,很好
和爸妈一起吃的晚饭。公司就在附近，一下班就赶过去，6点过一点已经上坐一半了，果然是高人气。,很好
菜还行，服务员小姑娘魏霞不错！表演感觉有点吵！,很好
这家羊肉串有点冷，味道一半，奶茶也偏淡，总体不如东安路那家,很好
东方路上的店子，菜的味道不错，但环境有点吵闹，价格也不便宜,很好
一如既往的好吃，整体菜色经济实惠哦,很好
口味相当的不错，环境永远吵，永远闹,很好
老顾客了好久没来但是羊排还是那么好吃！！！还有服务员魏霞热情周到老板应该给她加工资??给一百个赞,很好
大盘鸡里的土豆好吃，咸奶茶好喝，哈哈哈……其实都不错，照片没有拍全，还点了牛奶饭，羊肉串啊什么的，忘记了。还有姑娘跳舞，好神奇的体验,很好
菜品满意，一直和同事小聚都来这里。,很好
可以可以可以，大盘鸡不错哦。。。。。,很好
生意很好，很咸，没有预期那么好吃,很好
口味正宗，尤其是羊肉串，3.5在上海烧烤摊都不多见了,很好
今天放假，就拉着父母一起过来吃饭啦，正好前一阵子买了猴年礼包，这次兑换了罗布烤鱼，本来期望不是特别大，毕竟是新疆餐厅，感觉应该羊肉料理更赞点，然而尝了一口之后发觉味道非常不错，而且肉质也不错，肉头很厚实！,很好
比五角场的小好多。服务也跟不上。等菜等成傻x。五角场会员卡一直可以用东方路跟我说不能打折。,很好
无过也无优，特色菜都点了，味道还可以吧,很好
不跳舞的时候还可以和朋友说话。,很好
味道还行，上菜速度也比较快，价位略高,很好
比较实惠，人很多，要等位。个人觉得竹签的羊肉串比铁签的性价比高,很好
晚餐氛围很热闹。烤羊肉串必点啊，慢慢试着把所有菜都吃一遍,很好
牛奶米饭味道很不错。汤差了一点点……,很好
不错，马玉龙服务员恰当的处理了旁边桌的付款纠纷。虽然与我无关。,很好
说了不舒服，想换个靠门的位置，服务员立马给换了，大盘鸡是必点的，里面的山芋炖的比正大那家要软糯入味，鸡块肉也很多，大盘鱼第一次吃，不知道用啥鱼做的，有点油腻，味道还可以，牛奶饭很浓郁，感觉放了芝士，歌舞表演太短了，才几分钟就结束了,很好
今天连吃带打包，286，三个人。一年前开始在这家饭店吃的，惊于长长的排的队伍，我们一般中午11点左右进店，吃得差不多后，正好看节目。菜品是标准的新疆菜，最爱是凉皮，酸奶也是极好的。还有一点很重要，一般地方的羊肉我吃不惯的，味道太重，而他家的，每次必能大快朵颐！赞一个！！一个全家都喜欢的餐厅。,很好
酸奶，烤羊腿不错，新疆菜还是比较有特色的！,很好
菜品口感不错，环境气氛佳，以后会再次光临,很好
菜品好，服务态度很好，特别是龚亚迪,很好
刘妮服务不错，菜品稍有些油腻，总体不错，有特色,很好
龚亚狄棒棒哒，服务一级棒了，下次再来找她把！,很好
很喜欢，连吃了三次终于吃腻了，不然会一直想念的。有点吵所以环境给4分,很好
周五下班本来约的96广场，无奈朋友任性想吃新疆菜，于是绕路来了东方路吃耶里夏丽！,很好
羊肉串不错大盘鸡小伙伴们也很喜欢自制酸奶必点7点到点等位的人很多我们等的大桌还算快半小时轮到了新疆小炒不错萝卜牛肉很坑爹7个人消费了785性价比还行菜量满足的点了羊排可店员推荐羊腿口感一般还有表演看还不错,很好
牛羊肉确实货真价实，环境一般吧，有点吵，服务还算主动,很好
一直觉得它家的新疆菜最好吃，凉皮酸奶羊排……尤其是点心,很好
烤羊腿是永远的经典，娜帕里勇也很好吃,很好
新疆大盘鸡，味道比以前好了，新疆小炒一般般，石河子凉皮还是很好吃，丁丁炒面好吃。马玉龙服务好!,很好
这家店开了有七八年了，最早开张时去过次，那时很火，吃下来味道感觉一般，就是环境不错，异域的风格，六点后有半小时左右的表演不错，这次领导请客，和小伙伴一起就餐，环境没变，点了大盘鸡，羊肉串，羊排，馕烧肉，拉皮，茶树菇牛肉，粉条，红烧鱼，巴士哈密瓜，??菜，爆炒羊肚，手抓饭，酸奶，过油肉拌面，还有些就记不住了，感觉过油肉拌面，回民淑麻鸡味道不错。,很好
其实味道没有非常好吧环境还不错有大众点评优惠吧整体还算性价比可以,很好
羊肉串好吃，但是需要排队，车位太少,很好
和闺蜜及男票四人聚餐，选择了久违的耶里夏利。餐厅车门可以停车，方便不少，就是要提早点去，晚了就没车位了。感觉东方路这家店菜品不是很多，味道什么的还不错，这次特地感受了一下3块和10块羊肉串和区别，哈哈，值得吃10块的，肉质好！,很好
还可以吧。偶尔吃一次还行吧。奶茶很浓，但是我不太适应。羊肉串可以。,很好
张露露，服务很好很贴心，味道也不错，好吃,很好
服务员袁俊峰很热心，就是反应了下，感觉菜量没有以前实足了,很好
酸奶很好吃，可是没看到表演好可惜～龚晨晨,很好
总体感觉还不错生意兴隆不过要加强管理质量,很好
羊肉串很好吃，味道纯正，服务员热情,很好
很热闹的用餐环境，服务可以，周二到周日有歌舞，我是周一去的。。。所以啥也没看到，,很好
羊排，羊肉串好吃的不要不要，上的菜基本都光盘,很好
中午就餐人很多从服务口味我觉得还可以吧,很好
带家人一块来，味道不错。袁俊峰服务不错。,很好
去的时候7点以后了生意还是很好要排队最后和别人一起拼桌点了菜服务员可能一天了有点累了也没有看清楚是谁的就上了是我们自己提出这个菜不是我们的是旁边合桌的再拿过去,很好
林芝因,很好
歌舞很不错，哈哈，菜品好好吃。下次再来,很好
想吃新疆饭第一时间就会想起这个，每月都会过来吃。,很好
新疆菜目前为止最爱这一家，大盘鸡，酸奶，羊肉串,很好
好茶话会v发挥v感觉部分H方法v后,很好
味道是中规中矩的，炒馕第一次吃，很香很饱人，个人觉得火焰山烤肉个普通的竹签羊肉串的区别不大，酸奶和我自己做的味道一样，挺浓稠的，价格也不贵，9元，要说一下那个凉皮，价格19元，味道很一般，比不上六块钱的凉皮，也可能是我不喜欢新疆风味凉皮？实在没有特色。,很好
还不错，服务员推荐的哈密瓜炒虾仁其实一般，价格不便宜，优惠不多。,很好
味道不错！一直听到名字，或者是路过，也没有进来过。看了环境很舒服，还会再去。,很好
周二去也都满座，生意真的好！菜品味道都不错，很地道，羊肉串吃了铁签和竹签的，价格不一样肉质确实也不一样，大盘鸡的土豆很酥软，羊排也一点不膻，丁丁炒面很开胃，还点了个“老总爱吃的菜”原来就是白菜土豆和牛腩，不过味道还蛮清爽。晚上的歌舞表演很有气氛，还邀请了客人上台和他们一起跳起来。,很好
之前一直在日月光那里吃新疆菜，自从吃了耶里夏利，果断决定以后就来这里了,很好
中午人多，服务不行，桌子也擦不干净，一手油,很好
耶里夏丽是我一直都很喜欢的餐厅，东西好吃，又有表演可以看。昨天和老公又去了一次，特地去吃我最喜欢的牛奶饭，香香甜甜的味道唇齿留香。这次没有点咸奶茶，而是换了甜奶茶，味道一样很棒。羊肉手抓饭每次去每次必点，个人感觉这是最接近新疆本土风味的了。很喜欢里面的葡萄干，很甜很软。至于哈密瓜炒虾球，哈哈，是个意外，本想试试看的，结果没想到是个黑暗料理，哈密瓜挺好吃，和虾球放在一起就怪怪的。。。,很好
东西还是挺不错的，氛围也不错。,很好
挺好吃的，下次继续光顾～本来就是在新疆长大的，所以进店就有亲切的感觉????,很好
过年时候去吃的，人很多，但是口味真的没有以前好吃了,很好
就这样吧，过去吃个气氛，带女儿过去看看新疆舞，结果她还嫌鄙环境吵,很好
菜品不错太火爆了找服务员特别困难啤酒都是吃完了才上的,很好
都很好吃，到没看到表演。就是小朋友多太吵,很好
羊排不错，蛮新鲜的。不过对于我还是有点油腻,很好
"很不错的新疆菜,分量十足味道棒,还有演出",很好
小伙伴说，都还可以但是没有惊艳的，不过羊肉串大赞,很好
不错，不错，尤其是石河子凉皮，炒吧，郭小艳服务态度好,很好
味道不错，服务也不错，服务员龚亚迪态度挺好,很好
量挺大的奶茶挺好喝牛肉不e但大Pu不入味啊希望能把味道M去,很好
耶里夏丽的新年活动：微信注册一下，满200可以减100，划算的很他家两百元足够三个人吃饱吃好了,很好
桌子小相互都离得近环境吵杂倒还没到歌舞表演的时候小朋友会在舞台疯太吵了,很好
羊肉串推荐能吃辣的多放点辣椒更不错哟,很好
外卖了羊肉串、羊排，;羊肉串比较普通，羊排很赞,很好
羊肉串很好吃啊，很不错啊，魏霞oka,很好
郭小艳服务粥道。态度比较热情以后也会常光顾了,很好
人口感不e的，就是h境感X不是太好，可能是人多的故吧,很好
还是最爱烤羊排，性价比超高。一份烤羊排，一份酸奶就饱了。。。,很好
想吃羊排就跑这里了，羊肉比较正宗，娜帕里勇蛮好吃的，有点像黄油蛋糕，打包了块给儿子，儿子超级喜欢！羊排老公比较喜欢，酸奶比较喜欢，感觉比西贝的好吃，不加蜂蜜也不酸！难得来吃吃还可以！经常吃就觉得太腻了！,很好
菜品的性价比很高，口味也不错，就是人满为患，太吵闹,很好
羊排和羊肉串不错，可惜其他能吃的菜不错，服务还行,很好
服务和菜量好像不如以前，香茄牛肉量少了。,很好
上菜蛮快的，吃新疆菜的首选，不错不错,很好
张露露，真棒。服务不错，挺好的,很好
来过好多次了，酸辣蕨根粉好吃！凉皮也不错。服务员袁俊峰点个赞~,很好
都还不错。但是大盘鸡真的一般。,很好
空间很大，歌舞表演很热闹，整体上还是比较实惠的,很好
羊排很好吃，张露露服务很周到，热情好客,很好
环境不错很多人。马亚丽的服务很好。,很好
所有的耶里夏丽都是一个风格。这次去好像坐的有点偏，点菜总是找不到服务员q(°A°`)r,很好
去的时候已经快一点了人还是很多的，但服务还是一如既往的好。,很好
有点咸，有舞蹈表演，总体还是不错的！,很好
非常好，嘴里起泡，还是吃的香香的,很好
味道不错，晚上7点多还有表演，不过那个大盘鱼不怎么合胃口，其他还不错，人很多，还要等位,很好
店里有个招牌的高塔啤酒，很有趣，但是在表演节目的时候，把所有灯都关了，坐在旁边一点的位子，根本看不见盘子里是什么。,很好
郭小艳服务很好！菜的味道正宗，环境很好,很好
不错，依旧分量足，口味好。。。。,很好
目前比较好吃的一家应该是东方店了，南京路那一家实在难吃。,很好
超长的队…味道还可以，新疆菜就那样，晚上有表演，太吵了。,很好
在东方路上比较便宜的一家餐厅，上菜挺快服务也不错，菜的口味一如既往的重口味，不过味道还好，偶尔可以来吃吃的那种！推荐拌面,很好
还算靠谱甜品好吃很惊艳南方少有新疆风味,很好
工作日中午去吃的，人爆多，菜的味道都不错，特别喜欢蘸料，很好吃,很好
交通方便环境不错菜品特色总体评价四星,很好
这家竟然没有开在商场而是开在路边，让我差点以为是山寨的…菜品质量比正大好，凉皮是每回必点，店面很大但工作日中午还是客满，服务还行上菜算快。,很好
很受欢迎的一家新疆餐厅，5点多早到选了靠近舞台的好位置，晚上的新疆舞表演很精彩。各色烤肉烤馕都不错，很香。,很好
味道不错！铁签的羊肉串比竹签的好吃，烤羊排非常嫩！肥美吃2块就被撑饱了！烤秋刀鱼一般不推荐。,很好
新疆菜中规中矩东风路上经常经过吃的人很多,很好
带韩国人吃羊肉，性格比高，点得多了，吃不完,很好
菜的味道挺正宗的，晚间有歌舞表演，小朋友看的津津有味，还可以上去一起跳。就是人实在太多太挤了，想要聊天的就不建议去了？,很好
还不错，菜都蛮好吃的，就是排队人太多,很好
好非常好，服务态度好，口味好。环境好,很好
家门口的店，人气旺，菜品就这样，没有看到新菜，新疆菜有很多，希望可以增加多一些。,很好
口味还可以。环境有些吵，如果喜欢新疆歌舞还可以。,很好
上菜速度超快，烤羊肉串真的价廉物美。,很好
看着节目热热闹闹的吃了一顿晚餐座位有些挤但是菜品还是比较满意大快朵颐~,很好
去税务局办事，午饭在这里解决，餐厅有专门的停车位，10块钱一小时，发票可以换杯酸奶。两个人点了羊肉串，大盘鸡，孜然羊排，甜味奶茶。奶茶是羊奶，很香滑！羊肉串也好吃，羊排瘦肉部分有点老，大盘鸡里的鸡肉也是，更喜欢吃里面的土豆和宽面。闪惠买单没有折扣，只是送券，不是很实惠。,很好
还行没有惊艳还凑合服务人员很忙的样子,很好
一直来的，味道还是不错的！买了券，这是又被套住了??????,很好
不是周末也门庭若市，稍稍等了一会儿就有位了。,很好
为了吃烤羊排去的，但这次的主题重点是为大家分析下3.5羊肉串和10元羊肉串的区别～哈哈～,很好
门面不大，但是纵向较深。生意很好。烤羊肉串尤其不错。奶茶很香浓。大盘鸡一般。其它无功无过。有点吵～,很好
肉食动物的天堂。最爱的还是风味炒囊,很好
人气很旺，有表演可看，不过就一小会儿，点了很多菜，最好吃的还是是羊肉串和羊排必须点，网上推荐的娜帕里勇，感觉一般。没有惊艳，新疆奶茶，好喝，点了原味的，感觉浓郁，纯正。传说中的牛奶饭，其实就是甜品，不过里面加了很少量的米饭。。不能把它当饭。大盘鸡和烤秋刀鱼，也点了，不过因为之前点太多，实在吃不下去了，让妈妈打包了，个人发觉，这家店烤的哪一类和奶茶一类做的不错。。下次想吃羊肉串了，还会去的。,很好
来过好多次了！酸奶、羊肉串、炒馕都挺好吃的。,很好
服务员林芝茵非常热心，非常感谢,很好
服务热线，硬件装潢???特色，食物量也大,很好
烤羊腿不错。羊肉串最好吃，火候烤得很到位。馕也不错。,很好
貌似没有以前好了，希望能够好好的提高一下,很好
去的有点晚，没有表演。点的菜有些辣,很好
服务员不知道忙什么，有时候叫半天都没反应的,很好
菜味道一贯如此，就是有点嘈杂，说话不方便，人多了服务员有点忙不过来。,很好
这家餐厅没有正大广场2楼的那家好吃，4大2小消费690元，一桶天下的啤酒没有之前好喝，贪图方便所以就近选择这里，餐厅外面停车可以免费领取一瓶酸奶，随便吃吃还行。,很好
点了好多烤味，果断吃不下，优惠券注册完会员下次才能用,很好
上菜挺快的，味道不错，喜欢他们家的羊肉串、奶茶、羊排，每餐必点菜。,很好
喜欢看歌舞表演，朋友聚会很不错,很好
蛮好的。里面新疆人还有外国人蛮多的。价格实惠,很好
超爱他家的奶茶和羊排！不过这次人多服务员推荐羊腿！说份量足的！这次是带家人和朋友一起来的！一个天南一个地北！共同相聚在这里！一起聊聊天看看表演！这种感觉很舒服的！永远爱你们我的亲人和朋友！下次一定再来！表扬丽娜！,很好
生意太好8点就没东西了过去没啥了,很好
味道很好……非常喜欢服务员魏霞，服务周到！,很好
服务不错，口味一般般，没有那些特色的新疆口味小店好吃，纯属体验下名气,很好
总是找不到服务员，口味有点重！,很好
羊排、羊肉依旧还是那么的好吃，带着小盆友不方便吃辣，找服务员多要了份辣油，味道就足了。中午服务员有点忙不过来，服务靠盯的。隔壁桌收桌子喷洗洁精时凉水杯也没端走的，可怜后面来的小伙子们水里带着杀精剂…,很好
正好想吃点新鲜的，搜到附近的耶里夏丽，之前吃过羊肉串，今天进去吃它一顿，因为两个人，点的也不多，一份大盘鸡，还有个什么小土豆，羊肉串，丁丁炒面，还有娜帕里勇，早知道大盘鸡有土豆就不再点小土豆了，土豆好多，吃不完，大盘鸡味道不错，就是后面吃有点辣，有点咸了，小土豆的皮我不是很喜欢，烤得所以感觉好油，酸奶好好喝，丁丁炒面喜欢，里面蒜苗好好吃，娜帕里勇口感很扎实，味道也不错，新疆菜普遍偏辣，要点甜的菜调调口味。美女服务员蛮好的，还给我们倒水，两个大胃女人吃掉156也是蛮厉害的，隔壁桌的两个男的一直往这边看，估计被吓到了哈哈,很好
总体而言菜品味道很正宗，环境也不错，由魏霞服务，非常热情，态度和蔼。其中羊排尤其推荐给大家，一份5块，60元，也可以单点，但每块15元。羊肉串也不错，每串￥3.5，非常经济实惠。人均消费约￥70元，非常经济实惠，物有所值。一定会推荐给朋友。,很好
周六中午去的，全部满坐。点了羊肉串10串，微辣味道依然很好。菠菜木耳炒蛋，蛋很多，菠菜较少，味道改良过的，较清淡。薄饼羊肉卷，性价比不高，就是羊肉碎丁，青椒红椒洋葱丁，包上像烤鸭的薄饼。牛奶饭，味不错，量较少。,很好
去上海出差偶尔一次机会去的这家店，相当火爆，要排队的，菜品不错。,很好
晚上有歌舞表演，羊排吃太多很油腻，甜点不错,很好
服务龚晨晨服务还是不错的。比较喜欢果汁，很喜欢喝。点了份大盘鸡，味道一般，没有我想象中的好吃。最喜欢的还是羊肉串，一口气吃了五个，味道还是不错的。自制酸奶还也还可以，里面葡萄干很好吃。,很好
很不错的新疆菜，尤其大爱酸奶。期待下次品尝～,很好
服务好，份量足，口味好，继续加油！,很好
怎么说呢，第二次来这家店啦。点了几样不重样的。,很好
第一次来吃新疆菜。晚高峰的时候，排队等了一小会。算幸运的。提前点好了菜，不爱羊肉的我也啃了一根羊肉串。味道还行。大盘鸡量挺大的，风味炒囊微辣，但很管饱。牛奶饭略甜，喜欢甜食的可以吃一吃。最喜欢的还是酸奶，厚实，纯正！不过还是好人多来吃，否则菜点不多呢。,很好
菜不错，味道好，以后还会来！午市套餐很划算！,很好
春节前去的，由于年为尾，感觉有很多聚餐的，非常热闹，八点多了人还很多。之前有七点左右想来这家的，队要排半小时不止。但是相比于吃过的正大和五角场的耶里夏利。了，总觉得这家的口味差了点。而且这家店的服务员不像新疆人，所以这个不知道是不是有加盟店和直营店的区别啊。,很好
在寒风中等位，服务还是蛮到位的，羊肉串好吃,很好
羊肉串不错，其他也就差不多吧！,很好
年后去的，四个人去吃晚饭，从六点半等到七点十分左右人也不少，仍旧需要排队！但可惜没有歌舞表演咯！蛮遗憾的！,很好
味道没有徐家汇的店好，而且也没有表演,很好
很早就想去他家尝试一下，就是一直没逮着机会，这次朋友聚餐终于可以来拔草了！,很好
还不错，啤酒好喝，不过铁签羊肉串有点膻,很好
味道不错，环境不错，服务不错。不错、不错！,很好
人太多，味道还行，桌子太小，菜份量有限,很好
羊腿不错，味道可以，环境一般，比较吵杂,很好
生意不错性价比高！！！！！！！！,很好
羊肉太，没有以前好吃了，服务一般，下班时间到了一个一个过来撵，感觉不好,很好
最爱他家的奶茶烤馕味道不错娜帕里勇很浓香分量足两个人都吃的好饱好饱,很好
服务员：盖爽。口味还不错，菜的分量较足,很好
补签到关注送了一百元的券最后二天用了,很好
原先很多表演，为了这个才去的，现在越来越差，以后不去了，没演出看,很好
羊肉好吃，还看了三场表演。很好玩,很好
烤羊排和、牛奶饭和羊肉串每次都点，但这次的手抓羊肉不好吃，没什么羊肉味，麻酱冰草很爽口。环境太吵了，新疆舞每次看都会不一样，喜欢。,很好
羊肉味道小，很好吃，啤酒的杯子很有特点，到出来的沫少，很有名的牛奶饭个人觉得甜腻，中午也有舞蹈表演，不会影响你吃饭,很好
羊腿好多肉嫩好吃羊汤不怎么样淡的无味有歌舞助兴表演,很好
店家官方微信的活动，有送100元的券，就是要吃满200元才可以使用。周末跟朋友去看话剧，正好可使用优惠券也快结束了，就相约去吃。我去的比较早，五点半的时候到的，已经一半人坐满了。朋友六点不到一点到的，外面已经有很多人排队等位了。不过两个人实在吃不完，还打包了。羊排和羊肉是必点的，羊排要推荐的，就是量少了短，烤羊肉串一般，肥肉好多。馕好大一个，没吃完都打包了。点了个蒸蛋比较失策，蒸的太硬太老不好吃。忘记点酸奶了，这个蛮可惜的，以后有机会再去尝尝。娜帕里勇超好吃，其实一开始都不知道是什么，吃着感觉像芝士蛋糕。服务员服务也要赞一个，一开始看我们点的菜说我们点太多了，建议我们少点一点吃不完，后来知道我们是用微信券的，可以打包。还有馕打包本来给了我们打包盒，看我们的馕不好装，还帮我们特地去拿了两个袋子装。服务员叫南玲，一个很灵活的小姑娘。,很好
张露露服务员太度很好，菜真好吃下次在来,很好
以喜欢这家店的羊肉串！就是人太多了，需要等位，停车费换了酸奶，大盘鸡越来越少了！,很好
服务员边兴雪服务热情周到紫薯布丁,很好
菜的味道不错，就是觉得量少了些，大盘鸡很普通没有什么特色，烤羊排跟羊肉串倒是很好吃，最爱的当属牛奶饭了。,很好
新疆拌面，烤羊排牛奶饭都是最爱,很好
菜量很大，四个人去正好，羊肉串趁热吃才好吃，7点半的表演有互动，店里的老外好多呀，总体氛围不错，就是桌子有点挤。,很好
下班约了朋友来聚会，考虑到周末生意会很好，肯定会要等位啊，就让早下班的朋友先过来占位，顺便再把菜点了，那样等我们下班过来就可以直接开动了。,很好
味道不错，生意很火，很有特色的一家店,很好
微信注册会员送了一张满两百减100的优惠券，就过来尝尝鲜，停车位太少，开车过来只能停对面和记小菜那里，20元畅停。拿好号前面17桌，结果只等了20分钟就进去了，挺效率。晚餐时段有新疆歌舞表演，比较嘈杂，但也图个热闹。菜品么适合爱吃肉的朋友。,很好
椒麻鸡好好吃，魏霞服务员人很好，服务很周到～,很好
其他都很好，就是人太多了，像菜市场一样，等饿了还先去买了鸡排吃,很好
量大、午市套餐很合算、另外点了几个菜根本吃不完,很好
这家店，位置还可以，比较好找，也有停车场，但是停车场的看车员，坑钱！我掉了一张5元钱，他马上捡起来说是自己的，你收费收多少？手里拿一张5元是刚收的还是准备找给别人的？拿去买药吃！东西基本上吃起来和新疆的味道差不多，酸奶一般，但是至少是自制的，比工业化生产的要好一些。那帕里勇吃起来不错，不算腻。羊排味道还行，只是还行而已，没啥惊艳的感觉，或许是我要求太高了，不过爱吃肉的人或许会有好评。铁钎烤肉串，我的同伴说比竹签的不好吃，我个人觉得倒是相反。不过竹签从肉量上来说，性价比确实高一些。,很好
中午去正大广场帮儿子买玩具的时候，看到排队的人不多，毅然就进去了，服务员不太热情，她们个子都很高啊，其中几个新疆女孩子长得真漂亮。囊坑羊排好嫩啊！大盘鸡做的不好吃，新疆奶茶价格挺贵，味道不错，可惜不能做成冰的，送了一小杯甜品。中午有10分钟的表演，我儿子也上去跳舞了，真开心啊。,很好
昨天晚上去的，空调开的有点闷了，跳舞的时候在旁边等位子，表演很不错。羊腿烤的有点过了，羊排很不错，等位超过45分钟抽了个三等奖，3串羊肉串，两个小盆友开心死了，停车送酸奶。素菜点了西蓝花，为了小盆友不加辣，最后我们大人是蘸着烤羊排的酱吃的，大家都懂得。,很好
新疆餐厅，清真风味，还是挺好的，还有表演也不错。,很好
第好几次来吃，中午人好多各种排队，不过味道也是很值得滴，服务员周华征很热情的说,很好
羊排和土豆挺好吃的，碰到有表演的时候很热闹，,很好
今天晚上一家人一起到东方路上的耶里夏丽一起共进晚餐，停好车拿好票，前面有20桌，服务员前台说基本要等半个小时左右，看上去那么多人真的半小时就可以了吗？结果25分钟就进去了。里面人比较多环境有点吵杂，不过也正常的新疆那里估计就是这个氛围吧。一个服务员把我们带到一个桌前，我们坐下了，我还在纳闷呢我们3个人怎么会给我们6个人的座位呢？不过这个不是我们担心的事。于是我们点菜了，这时候一个像是领班的人过来帮我们点单。点完菜后她问我们几个人？我说3个人，突然就看到她的脸一下子沉了下去，她走开以后就询问其他服务员，我们这桌是谁带过来的，为什么3个人排6个人的座位？带我们进来的服务员也搞笑，说她也不知道是我们自己坐的吧。我说大姐没你带我们过来我们自己怎么找位子？后来领班和我们打了个招呼，让我们大桌那里栏一个四人桌，反正没有换桌也就算了。,很好
下午和妈妈去逛96广场的，因为微信有满200减100的优惠，和妈妈去吃啦，妈妈说蛮值得。羊排赞\(RQ)/，嫩嫩的，酸奶像小时候的味道，烤馕也不错还有蘸酱，拔丝哈密瓜不好，太甜，牛奶炖蛋也不好，太敦实了，吃的一星期不想再吃鸡蛋了，服务员态度蛮好的，基本有求必应,很好
公司同事经常来吃饭，不能网上排队了，得提前来人工排队，很不方便啊。,很好
拔草了耶里夏利被我冒牢很久了终于今天申请下让老公陪着一起吃了午饭这家店离家不远装修和歌曲一看就是新疆风格倒是让我想起了土耳其羊肉串是必点的味道很赞有个烧饼超级好吃还有烤鱼推荐大家试试饮料推荐特色奶茶还有酸奶,很好
还行，尤其是炒饭和那个羊肉串，其他的不推荐。,很好
