好,菜品,味道,不错,上菜,速度,很快,服务,真的,超差,上菜,一下,服务员,存在,服务员,说个,话,回答,直到,后面,朋友,公司,检查,反应,问题,之后,倒,一次,水
好,记忆,中,耶里,夏丽,上海,早,连锁,型,新疆,餐厅,特色,在于,吃饭,时,表演
好,周六,老公,骑车,骑,一上午,找,家,餐厅,吃,吃
好,周六,吃,吃,一肚子火,先是,坐下,五分钟,硬是,服务员,点餐,害得,大着,嗓门,喊,这倒,还好,点,羊肉串,说,辣,不辣,分开,小朋友,吃,辣,一次,放,一个,盘子,里,放,一个,盘子,里,分不开,说话,服务员,死活,非,一起,说话,几次,再次,重复,剩,听,清,忍
好,不错,去过,好,几次,想
好,好久,今天,附近,买灯,弯,过来,顺便,吃个,饭,点,左右,时间,以前,人,等位,现在,跑,里面,好多,空位,人气,明显,不足,三个,人点,一份,烤羊,腿,点,没多久,上桌,温温的,边缘,好几个,焦黑,服务员,问时,说,家,羊腿,现烤,早,烤,好,微波炉,加热,真是,倒胃口,点,一壶,奶茶,温,口味,倒,还好,点,一份,淑,麻鸡,冷盘,关系,味道,一如既往,好吃,??,再点,串,羊肉串,一个,烤,},不错,??,现在,活动,结帐,时要,260,元,性价比,不高,服务员,态度,周围环境,本来,按排,坐在,中央,方便,下,演出,每晚,新疆,人,跳舞,先生,觉得,坐,舒服,换,边上,坐,演出,已经,吃,完,走
好,每次,路过,人,好多,望而却步,这次,外卖,很快,送到,外卖,小哥,好评
好,点钟,排队,人满为患,顶,前面,桌,压力,果断,选择,先,按摩,点来,直接,空位,最近,狂想,吃,烤羊肉串,尤其,家,炒面,想想,小,激动
好,中午,表演,很狒[,h境,一般般,性r,是,ok,超,大P,u,真的,好大,一份,十,人,吃不完,奶茶,不,加糖
好,昨晚,吃,老友,相聚,选,这家,印象,一直,不错,感觉,以前,热闹,体验,好,之前,相比,弱化,体验
好,吃,好,好,今天,觉得,以前,羊肉串,温温的,味道,缺,点,两串,肥肉,难以,下嘴,大盘鸡,发现,鸡肉,量,好,少,以前,一直,觉得,三个,人,吃,今天,光盘,鸡太少,全靠,土豆,那怕,里,勇,好吃,炒,馕,里面,一点,肉沫,肉片,找,不到,吃饱,以前
好,环境,舞蹈,表演
好,上次,宝山,耶里,夏丽,吃,一次,味道,不错,满怀信心,来到,这家,店,吃,没想到,味道,差异,有点,凉皮,知道,放久,怎么回事,一段,一段,不劲道,羊肉串,味道,一般般,大盘鸡,里面,土豆,今天,有点儿,失望
好,DinnerTime
好,总体,来说,一般般,主要,菜,冷
好,第一次,最后,一次,喜欢,硬,拉上去,跳舞,感觉,尊重,一下,食客,不想,跳,吃饭,违背,意愿,食物,粗糙,西北风
好,挺好吃,新疆,菜,手,抓饭,好吃,一个,奶酪,味,点心,超赞
好,加班,听晚,嘴馋,想到,附近,耶里,夏丽去,跑,吃,饭点,不用,排队,第一次,家,排队,额,点,几个,简单,菜,番茄,炖牛肉,新疆,小炒,一份,新疆,拌面,番茄,牛肉,里面,牛肉,新疆,小炒,不错,拌面,还行,晚,服务员,有点,懒散
好,郭小艳,服务,好,菜,好吃,有点,吵
好,新疆,菜,最,出名,大盘鸡,真的,难吃,点,一个,菜,难吃
好,公司,边上,去过,比较,最近,一次,点,完,东西,后,服务员,说,吃不饱,疑惑,斩钉截铁,态度,外加,一脸,了解,食量,架势,打动,加,些,菜,加,吃掉
好,请,商家,取消,大众,点评,员工,考评,管理,方式,客人,用餐,每次,用餐,途中,打扰,服务员,做,好评,评价,困扰
好,口感,好,价格,优惠,自我感觉,草赞
好,菜品,环境,不错,服务
好,新疆,人蛮,热情,饭点,舞蹈,表演,菜品,量,实惠,每次,吃,撑
好,这家,店,生意,好,讲真,感觉,烤羊,腿,味道,不错,味道,招牌菜,凉皮,跟手,抓饭,机会,一定,再,一次
好,不吃,羊,跟着,一群,人去,吃,一个,烤全羊,量,太足,13,吃,完
好,中午,人太多,多数,套餐,羊排,温
好,无功,无过,印象,最差,大盘鸡
好,丁丁,炒面,新疆,特色菜,口味,不错,酸酸的,口感,有面,蔬菜,面,Q,以后,尝试,用意,面做
好,真心,不想,写,差评,再,提醒,下,估计,每况愈下,羊肉串,冷,服务员,忙不过来,菜品,质量,下降
好,吃,这次,挺,失望,东西,闲,新出,番茄,海鲜,汤,一点,好喝,很腥,吃,牛羊肉,店,适合,吃海鲜,估计,冰冻,本来,以前,表演,时,半小时,一场,六点,今天,七点,意思,店里,店员,每次,要求,大众,好评,还要,名字,提成,感觉,不好
好,去过,南京路,家,想念,好久,终于,失望,这家,离家,最近,搭,地铁,过来,羊肉串,温,吃,后面,已经,冷,新疆,小炒,太,没味要,碗,辣椒,全,放进去,有味,牛奶,饭,找,俩,服务员,两次,水,最后,再,不想,这家
好,记得,多久,吃,耶里,夏丽,庆祝,国庆节,坎,终于,吃,晚饭
好,朋友,推荐,特意,拔草,椒,麻鸡,太,咸,烤肉,北京,巴依,老爷,好吃,汤饭,不错,大盘鸡,各类,拌,饭,特别,出众,处,总体,来说,一家,普通,新疆,馆子
好,想,知道,天才,想,点子,省钱,一次性,软,纸杯,装,奶茶,一路,颠簸,过来,一壶,三杯,全部,塌,掉,漏光,菜品,口味,好,等于,服务,用心,用脑,ok
好,夜里,夏利,姐妹,店,哈哈哈
好,每家,分店,人气,旺,菜品,行,特色,不足,失望,吃,家,分店,一家,羊肉串,不够,烫,希望,烤,好,特地,凉,凉,拿上来
好,三星,是因为,一共,吃,两次,晚餐,两次,吃,抓饭,第一次,晚,今天,特地,点多来,吃,大老远,每次,上次,点,菜,这次,直接,写上去,傻,半天,只能,丁丁,炒面,凑合,一顿饭,吃,半天,干,太,失望,以前,同事,吃,午饭,再来,如图,一碗,面在,吃,15,分钟,微信,刷,好几遍
好,新疆,菜,吃,好几家,觉得
好,这家,店,生意,不错,环境,布置,异域,里面,菜量,很大,晚上,吃饭,点,人气,超旺,喜欢,羊肉串,大盘鸡,回味无穷
好,服务,感觉,行,人员
好,吃次,新疆,菜,感觉
好,觉得,咸了,菜,口味
好,大盘鸡,真的,很大,吃不完,羊排,肥而,不腻
好,小朋友,上课,前,解决,晚饭,地方,五点,不到,两个,车位,菜,很快,手,抓饭,有点,油,羊肉串,肥,少,精,小朋友,喜欢,干贝,土豆片,不错,有点,辣,买单,随便,买,一盒,葡萄,38,元
好,吃,几次,家菜,没什么,期待,中规中矩,主要,父母,吃,吃,新疆,菜,顺带,表演
好,我来,知道,清空,列表
好,这家,感觉,五角场,好吃,服务员,态度,差,推销,葡萄,变脸,积极主动,再三,问,葡萄
好,都行,铁签,羊肉串,凉,肉干,正大,店现,烤,好吃,铁签,火热,火热,肉,汁水
好,菜单,换,点多到,羊排,??
好,朋友,新疆,回来,说,请,吃,新疆,菜,选,这家
好,大盘鸡,乱七八糟,部位,以前,好,现在,服务员,挺,苦,好评,指标,各行各业,容易
好,超级,热,食物,服务,一直,人,捉,急呀
好,新疆,餐厅,干净,烤肉串,新疆,小炒,好吃,价格,实惠
好,说,不错,羊肉串,爱,酸奶,挺,好,凉皮
好,朋友,,新疆,回,,大P,u,念念不忘,今日,聚,一同,回味,c多到,店e,座,在,人,嘈s,f,很M,有c,受不了
好,口味,服务,价格,贵,考虑,下次
好,歌舞,表演,越来越,拼,耍,大蛇
好,雪域,牛肉,味道,难吃,娜,帕里,勇,正大,店,好吃,失望,看到,跳舞,男,跳,妖娆,妩媚
好,同事,东方路,外勤,中午,打算,耶里,夏丽,?,家人,一直,羊肉串,好吃,肉质,很正,地道,新疆,羊肉,坐满,人,点餐,完,聊天,聊着,聊着,越来越,饿,想,不来,菜,问,服务,人员,发现,遗漏,服务,人员,抓紧,上菜,午餐,118,四个,人,吃,蔬菜,蛋汤,一般般,真的,淡,汤,??,菜,中盘,鸡,炒,馕,依旧,好吃,??,下次,店家,注意,服务,好,??,最后,家有,来自,新疆,水果,选好,后,服务,人员,棒切
好,看到,表演,吃,肉,吃,醉,爸妈,说,还行
好,这家,店,用餐,环境,太吵,影响,吃饭,心情
好,难吃,难吃,难吃,只能,说,价格,上海,这种,地方,比较,便宜,口感,不行,尤其,烤鱼,前所未有,难吃
好,整体,口味,走下坡路,特别,羊肉串,现在,电烤,失去,碳,烤,味道,希望,改进
好,老婆,说,觉得,差,四个,字
好,昨天,想带,孩子,新疆,舞,表演,特地去,这家,可惜,六点,表演,结束,赶上,菜品,味道,无功,无过,比较,普通,吃,完,回家,路上,一家人,无一例外,肚子疼,知道,油太大,食物,干净
好,吃,十年,耶里,夏利,一直,心里,价廉物美,服务,好,代名词,今天,这家,店,服务员,打破,一种,受到,侮辱,感觉,两个,人点,菜,坐,吃,不到,十分钟,突然,有个,服务员,走过,单子,问,后面,菜,娜,帕里,勇上,说,一会儿,一个,人问,我娜,帕里,勇上,回答,重点,两个,商量,一下,问,不停,形容,娜,帕里,勇长,样子,生怕,已经,吃,忘,想,说,这是,意思,服务员,有没有,上过,菜,知道,下单,询问,多久,桌上,有没有,看不到,觉得,我会,几个,不值,几个,钱,点心,拉,低,侮辱,客人,人格,暴露,低,智商,好,这家,店,以后,再,希望,好自为之
好,人,新疆,餐厅,晚上,表演,一股,羊肉,骚感
好,那帕勇,坏掉,问,服务员,说,味道,吃,几次,知道,味道
好,服务员,热情,顾客,未免,招呼,不周,中间,舞台,成为,小孩子,玩乐,吵闹,地方,嘈杂,不堪,难以忍受,服务员,反映,商户,终究,碍于,得罪,孩子,顾客,不管不顾,造成,用餐,环境,犹如,鸡飞狗跳,菜市场,老牌,新疆,餐厅,菜品,质量,口味,比较,保证,羊肉,嫩,好吃,两年,前比,量减少,情有可原,性价比,依然,高,表演,不错,新疆,特色,做到,顾客,互动,适合,朋友,家庭聚会,希望,提升,地方,人多,情况,下,服务员,多点,耐心,顾客,孩子,做到,一定,解决办法,不让,嘈杂,孩子,影响,顾客,用餐
好,浦东,探店
好,最近,星尚,介绍,她家,大盘鸡,回回,狂流,哈喇子,周六,晚上,点,女儿,杀,过去,东西,太,期待,吃,完,失望,谈不上,肯定,惊艳
好,感觉,东方,店,味道,世贸,家,世贸,老虎,菜,好吃,用料,总体,一般般
好,以前,好,价位,高,锡伯,好,??
好,味道,正,分量,足,大盘鸡,好吃
好,同事,生日,味道,分店,好,环境,一般般
好,六一,儿童节,吵,菜品,中规中矩
好,真的,太精彩,菜,好吃,服务,好,人太多,太多
好,很早,之前,吃,新疆,菜,折扣,力度,大点,好
好,每次,等位,人气,很旺,奶茶,每次,必点,烤羊,排,羊肉串,好吃,环境,气氛,好,周四,中午,每天晚上,表演
好,工作日,中午,生意,挺,好,12,点前,不用,位子
好,奶糕,奶饭,好吃,特别,凉皮,路边摊,好吃
好,人生,苦短,先,吃,美食,人生,苦短,先,吃,美食,人生,苦短,先,吃,美食
好,羊排,尝,一口,膻,膻,膻,羊肉串,好吃,一点,膻,娜,帕里,勇,看着,有点像,芝士,蛋糕,新疆,奶茶,行,吃,串,羊肉串,全部,打包,感觉,太,吃,浪费
好,两个,月,忘记,评,同事,聚餐,口味,分量,小,吃,两桌,感觉,吃饱,肉,肉,大盘鸡,好,难吃,吃,一口,土豆,头发丝,倒胃口,还好,允许,撤下去,白天,吃,吃,看到,特色,表演,??,感觉,他家,甜品,好吃,??
好,常吃,店,味道,不用说,服务员,
好,烤串,味道,行,汤,味道,白开水
好,一个,人,纯正,新疆,人,表示,亲切感,好,几次
好,第二次,不用,排队
好,味道,比古丽仙,好,蔬菜,炒,不错,奶茶,正宗
好,服务员,态度,真的,菜,量,越来越少,点心,蛋糕
好,好久没,吃,之前,觉得,帕,好吃,今天,再,吃,觉得,好,越来越,挑剔
好,这次,点,问,服务员,建议,少,点
好,口味,重,表演,吵,反正,肉,油,再
好,东方,路上,好找,朋友,30,左右,门口,等位,人,已经,朋友,说,半个,小时,点多,错过,表演,店里,人,好多,好多,小朋友,T台,玩,感觉,有点,乱
好,找,家近,一点,新疆,餐厅,之前,吃,南京东路,家,两个,人点,一份,大盘鸡,一份,薄饼,羊肉,一份,干,煸炒,面,两杯,奶茶,一碗,酸奶,四个,烤肉,吃,撑,大盘鸡,味道,迎合,人,口味,不太,正宗,以后,吃,肉,分量,足,味道,不正,薄饼,羊肉,味道,薄饼,有点,少,推荐,烤肉,不错,有点,过油,推荐,干,煸炒,面,炒,正宗,肉,好嚼动,炒面,里,缺,木耳,希望,厨师,改良,一下,这道,炒面,店里,人向,相当,上菜,速度,环境,晚上,歌舞,表演,以后,机会,再
好,排队,家,酸奶,不错,肉类,吃,感觉
好,有点,贵,味道,行,...................
好,东西,价格,太贵,优惠活动
好,喜欢,吃,凉皮,羊肉串,大包,客流量,太好了,要排,好久,队
好,口味,正宗,新疆,美食,比较,差距
好,好久没,吃,感觉,以前,味道,好,过年,厨房,忙不过来,水准,下降
好,生意,爆好,口味,只能,说,还行,太,荤
好,感觉,烤肉,外,菜,太,服务,更是,不行,半天,装,听见
好,口味,行,环境,太,拥挤,服务,人,比较
好,垃圾,大盘鸡,做法,根本,没味
好,曾经,忌口,去过,一次,这次,放开,点,酸奶,爱,吃,大盘鸡,好吃,最爱拌,凉皮,羊排,不知,口味,选,不好,腻
好,味道,地道,店面,人多,吵吵
好,好喝,咸味,奶茶,比甜,好喝,不腻,羊肉串,很肥,适合,口味,羊排,不错,很香,嫩,沾料,入味,吃,完,大蒜,味道,有点,受不了,白灼秋奎,料,新疆,拌面,浇头,真的,淡而无味,羊肉,包饼,不错
好,清真,餐厅,晚上,热闹,新疆,歌舞,表演
好,买单,时才,告知,100,减,10,元,第一次,优惠,买单,醉,放在,大众,点评,特别,注明
好,以前,好吃,炒个,粉丝,一点,味道
好,服务,挺,好,小妹子,亲切,热情,菜品,口味,比较,重,特别,适合,口味淡,晚餐,后,一直,口渴,吃,过程,挺好吃,入味,哈菜量,比较,小,人均,百来,块,停车,券,换,自制,酸奶,人暴,好,吵,正好,坐在,舞池,座位,好多,小朋友,上面,玩耍,实在,吵,吵,坐垫,漫天,飞舞,店员,说,烦躁,舒服
好,知道,是不是,换,厨师,菜,以前,咸了,分量,越来越少,少到,辣子鸡,里面,花生米,省,辣子鸡,花生,花生,花生,重要,事情,说,三遍
好,几次,朋友,聚会,很挤,人超,吵,服务员,有点
好,环境,比较,吵杂,歌舞,表演,分贝,堪比,歌舞厅,地板,震,那种,表演,喊话,吼,建议,老人,太吵
好,人气,比较,足,赶人,举动,客气,点,讲,一声,接受
好,一如,继往,味道
好,员工,离职,中午,聚餐,店里,闹哄哄,厉害,等位,25,分钟,参与,点菜,两,大盘,馍
好,服务员,态度,不好,大盘鸡,味道,正宗
好,羊肉串,凉,全是,瘦肉,豪情,手,抓肉,买单,感觉,确实,豪情,吃,真,感觉,不到,丁丁,炒面,不错,酸奶,奶茶,正常,味道,味道,陆家嘴,差较
好,服务,挺,亲切,知道,菜,南京路,耶里,夏丽,好吃,感觉,像是,重新,回炉,南京路,新鲜,点
好,耶里,夏利,嚷嚷,从前,依旧,男同事,最,爱,夸张,永远,火爆,生意,好,等位,时饿,家会,贴心,提供,茶水,点心,吃
好,味道,越来越,差,有没有,架不住,请客吃饭,选
好,这家,烤羊肉,明显,世贸,百联,那家,好吃,干
好,特色,餐厅,只能,说,一种,特色,东西,总体,来说,味道,不错
好,一般般
好,老板,请,吃饭,全是,肉,撑死
好,人太多,吵,排队,时间,长送,礼品,够
好,这家,店开,很多年,N,次,队伍,超级,长,这次,11,点,午市,终于,位子
好,弟弟,羊年,最后,一顿饭,选,这家,新疆,菜馆,以前,去过,喜欢,这次,印象,却,以前,好
好,菜量,表演,烤羊,排,不错
好,马,玉龙,回族,小伙,服务,不错,柴,窝铺,辣子鸡,有点,小,失望
好,刘,心雨,服务员,热情,礼貌,环境
好,感觉,菜,好像,咸,估计,口味,抓饭,有点,凉,没热好,味道
好,大盘,鱼,味道,好生,怪异,歌舞,表演,吵死
好,今天,味道,太差,过去,一次,差,下次
好,环境,好,份量,足,地方,特色,民族,舞蹈,挺,好,还会
好,上海,吃,完全,一个,店,山寨,无处不在
好,味道,算,过得去,正宗,地道,词
好,记得,第一次,吃,徐家汇,南丹,东路,知道,N年,记得,印象,深,菜,老公,朋友,喜欢,家,羊肉串,两对,浦东,吃,【,牛奶,饭,19,元,】,第一个,好,迷你,焦糖,布丁,好,好吃,好,浓郁,奶味,米饭,湿湿,加在一起,意料,外,协调,【,自制,酸奶,元,】,好吃,塔,哈尔,西贝,酸,这家,改良,甜甜的,【,羊肉串,3.5,元,】,觉得,宁海,东路,云南,南路,那家,最,好吃,【,娜,帕里,勇,24,元,】,小,夫妻,喜欢,吃,觉得,不错,芝士,口感,【,大盘鸡,68,元,】,土豆,鸡,好,大块,感觉,鸡,吃,两块,觉得,奇怪,面条,以为,好久没,吃,现在,鸡,吃,完,菜,面条,端上来,大盘鸡,味道,好,【,馕,坑,烤羊,排,69,元,】,以为,焦香,孜然,那种,有点,淡,喜欢,【,滋补,羊肉汤,】,小,夫妻,表示,很赞,吃,完,觉得,一般般,有点,淡,【,番茄,牛腩,】,小,夫妻,点,喜欢,番茄,类,东西,【,丁丁,炒面,22,元,】,一直,觉得,新疆,餐厅,顶顶,炒面,好吃,这次,打翻,记忆,好吃,【,薄饼,羊肉,卷,46,元,】,喜欢,饼,皮,每次,吃,烤鸭,不用,皮,人,自然,直接,吃,羊肉,粒,点太多,吃不完,吃,完,正好,表演,看到,新疆,美女,跳舞,蛇,表演
好,人多菜,少,价格,贵,不太,喜欢,老公,喜欢,烦
好,冲着,众多,好评,前台,接待,姑娘,尽责,里面,服务员,真是,奶茶,味道,真不错,水,一个,小时,餐厅,风格,不错,伊斯兰,民族,对称,美学,点赞
好,羊排,味道,保持,不错,当季,羊蝎子,汤,还行,菜,几个,月,老公,说,现在,变得,快餐,总体,味道,之前
好,服务,不太好,味道,行,环境,人多太吵
好,小组,年终,聚餐,四十个,人,浩浩荡荡,包了,两桌,每个,桌子,坐下,18,多瘦,点,只,烤全羊,师傅,切割,上菜,丁丁,炒面,大盘鸡,拔丝,苹果,麻辣,鸡,凉皮,木耳,囊,包肉,味道,还行,这家,烤羊肉串,出彩,店内,环境,布置,紧凑,一桌,一桌,间隔,很小,走路,方便,指出,表演,18,30,一场,错过,下次,请,早
好,第一次,好,打包,盒,好久
好,路旁,好找,门口,物业,停车,一次,10,元,报销,停,车票,店里,兑换,一份,酸奶,位置,很难,停到,实在,不行,只能,对面,酒店,群里,找,停车位,羊肉串,必点,项目,爱,吃,家,牛奶,饭,糯,滑,微甜,大盘鸡,点,乏,大部分,土豆,价值,爱,吃,面皮,考虑,拔丝,哈密瓜,外面,拔丝,很甜,里面,哈密瓜,显得,淡淡的,清爽,口感,甜品,必点娜,帕里,勇,好吃,好吃,甜得,发腻,感觉,很赞
好,一个,星期,吃,两次,一头,一尾,感觉,持续,吃,东西,五样,上海,这种,地方,这种,生命力,服务,一定,100,字,说,说完,还要,图片,块钱,真心,容易
好,菜,依旧,好吃,服务,太差,太差,进店,人理,找,地方,坐下,服务员,聋,菜单,半天,水,10,分钟,米饭,10,分钟,买单,听到,搭理,再,问,吼,点菜,服务员,拿笔,敲,菜单,一点,职业,素质,服务态度,不好,常见,差到,程度,真是,不多见
好,菜,不错,量,少,我到,这来,吃,同样,菜品,越来越,吃不饱,胃口,变大
好,好像,菜色,水准,捉摸不定,第二次,吃,大盘鸡,土豆,烧,糯
好,说实话,失望
好,味道,好,羊排,很嫩,羊肉串,好吃,肉串,口感,偏柴
好,当年,多么,钟爱,这家,无可挑剔,温暖,热闹,现在,服务,真是,一落千丈,桌子,好好,擦,干净,点菜,拼命,推销,贵,饮料,门口,迎宾,顾客,手机,帮,点评,五星,满分,口味,依然,满分,馕,香,脆,夹,烤羊肉,吃,真是,满足,奶茶,淡淡的,很香
好,大盘,鱼太咸,生活,方式,心
好,吃,东西,实在,服务态度,好
好,一年,前去,吃,觉得,不错,这次,吃,差,菜,量,少,偏咸,表演,第一次,好看
好,口味,不错,量,实在,越来越少,羊杂,汤,实在,捞,东西
好,表演,会员卡
好,老婆,冰,楚楚,最爱,吃,这家,酸奶
好,这家,店,服务,人,感觉,老板,欠,至少,两个,月,工资,做,服务生
好,第一次,吃,馕,坑,羊排,好吃,没过多久,吃,第二次,不知,第二次,感觉,不行,下次,吃
好,一般般,不怎么样,埋单,半日,未,有人
好,实在,一般般,菜,份量
好,等位,时间,比较,久,等位,时间,长会,抽奖,朋友,一个,小时,抽到,一份,大盘鸡,运气,太好,环境,比较,中间,T,型,舞台,表演,特别,吵,说话,吼,小孩子,应该,会蛮,喜欢,环境,好多,小朋友,跟着,舞蹈演员,台上,一起,跳,菜,口味,比较,吃,没什么,特别,惊艳,地方,酸奶,不错
好,还行,聚会,吃,吃,没什么,特别,好吃
好,口味,服务,混乱,看到,乱,上菜,三起,漏点,未,划掉,上次,服务员,再三,帮,点名,好评,今天,服务,只能,混乱,形容
好,味道,正大,广场,店,好吃,菜,品种,不全,最,主要,优惠
好,工作,午餐,上菜,速度,蛮快,味道,感觉,以前,好
好,盖爽,服务,热情,吃,一班,班班
好,大众,点评,买单,送,葡萄干,西北,菜,有点,吃,不惯
好,工作,日子,中午,吃饭,人,位置,挑选,一下,一行,人,坐,小,圆桌,真的,小,周四,中午,表演,不错,不错,上菜,速度,很快,味道,不错,喜欢,家,烤羊,排,烤,正好,羊肉,味,吃,比较,感觉,上菜,过快,不好,桌子,不够,放不下,一会,堆起来,感觉,好,中午,套餐,服务员,主动,放在,桌子,聪明,需要,问,服务员,索取,地方,知道,停车
好,大众,点评,点菜,后,服务生,说,没用,张,白纸,说,抄,一遍,没见,哪家,店,服务生,顾客,写,菜单,送,葡萄干,一袋,迷你,菜价,降,量,降,羊肉串,最,明显,缩水
好,口味,环境,服务,最后,好评
好,开,多年,不好不坏,适合,聚餐,一堆,人来,吃,没什么,想法
好,喜欢,家,肉,串,现在,每次,必点,感觉,以前,好吃,现在,点,后,不用,分钟,现烤
好,段时间,没去,点,羊肉串,羊排,口味,保持,羊杂,汤,内容,丰富,比较,适合,老人,丁丁,炒面,过油,咸,羊肉,抓饭,米粒,硬,对椒,麻鸡要,提些,建议,鸡肉,太,咬不动,建议,牙口,不好,人慎点
好,中午,人,超级,个人感觉,点不出,菜,桌子,主菜,凉皮,面,大盘鸡,里面,凉皮,比较,好吃,点心,奶茶,羊肉串,肉,比较,肥,少,感觉,一般般
好,店面,看着,很大,后,却,不小,定时,表演,不错,还会,客人,互动,拉着,客人,一起,跳舞,音乐,偏吵,点,酸奶,感觉,地道,羊头,串,瘦肉,太,太精,羊排,大盘鸡,好吃,秋刀鱼,随便,吃,吃,服务,算,热情,主动,总体而言,朋友,聚,聚会,一个,场所,羊腰,味道,偏,好吃,手,抓,羊肉,饭,败笔,真心,好吃,奶茶,甜度,刚刚,好,港式,浓郁,烤,馕,比较,脆,蘸,酱,吃,吃
好,比较,热闹,菜,合口,胃,晚上,表演
好,中午,人,菜,错,味道,不错
好,味道,量,西北,菜,来说,比较,袖珍,门口,停车,情况,比较,糟糕
好,不错,维族,姑娘,歌舞升平
好,晚,九点,多到,菜,服务员,忙,打扫,之前,去过,几次,人广店,口味,偏淡,印象,好,这次,东方,店,饿,缘故,感觉,好吃,烤羊,腿,很大,份,三四,人,吃,问题,烤羊肉串,实惠,分量,足上,图
好,味道,感觉,超市,里,买,葡萄干,区别
好,菜,口味,酸奶,鲜榨,雪,梨汁,馕,烤羊,腿,挺好吃,啤酒,送,羊肉串,停车,券送,酸奶,表演,吵,包房,设,最低,消费,每人,100
好,新疆,奶茶,原味,壶,很漂亮,不甜,不腻,还行
好,晚上,表演,时间段,看到,菜品,味道,来说,大盘鸡,中规中矩,菜品,羊肉串,以前,不错,现在,上面,肉少,肥肉,占,比较
好,总,感觉,耶里,夏丽,烤羊,排,越来越,好吃,煮熟,再,烤,烤,不够,煮,味道
好,吃,喜欢,吃,肉太多,太多
好,服务员,徐燕,态度,好,中午,套餐,量,有点,少
好,徐燕,好,同志
好,服务态度,太,差,服务员,情愿,聊天,不来,帮,倒,茶
好,萝卜,炖牛肉,最小,份,坑,建议,点
好,送,一个,穆斯林,过去,讨厌,人,龟毛,无礼,不想,再
好,完摩,知道,楼下,这家
好,以前,同事,吃,五点,排队,提早到,位子,菜单,好像,张纸,点,大盘鸡,68,羊肉串,酸奶,老虎,菜,羊肉,菜,大盘鸡,盘子,好大,分量,吃,算,比较,足,羊肉串,还行,3.5,一串,吃,吃,新疆,菜,好吃,100,性价比,啤酒,比较,贵,15,一小,瓶
好,店,里面,太挤,选择,大众,点评,外卖,最近,几次,外卖,真是,越来越,难吃,大盘鸡,里面,土豆,水水,酸辣,土豆丝,一点,味道,凉皮,咸,油,真心,怀疑,是不是,换,厨师,说店,里面,太忙,厨师,乱,做
好,味道,不错,羊肉,质,鲜嫩,环境,不错,领班,服务,不错
好,味道,行,结账,后,服务员,拉,写,好评,对此,感觉不好
好,味道,不错,分量,环境,有点,吵,服务态度,不错
好,这店,火,好几年,一直,打起,兴趣,碰,羊肉
好,菜品,味道,服务员,盯,顾客,一定,写,好评,反胃
好,林芝,茵,服务态度,好,请,速度,提拔,经理,谢谢
好,店面,人,好多,感觉,菜场,服务,不错,菜量,每次,必点,羊肉串,铁串,贵些,贵有,贵,道理,味道
好,工作日,朋友,请,吃饭,人,外面,还排,很长,20,分钟,左右
好,上海,出差,受到,合作方,热情,招待,考虑,西北,银民,口味,中饭,公司,附近,耶里,夏丽,吃饭
好,今天,去丽里,夏丽,吃饭,环境,伊帕尔汗,好,服务员,态度,没法,伊帕尔汗,菜品,味道,一般般
好,味道,算,舞台,挺大,晚上,表演
好,吃^,一次,排,久,生意,好,U,好吃
好,人民广场,那次,留下,难忘,印象,吃,浦东,体验,却,越来越,差,石河子,凉皮,量,少到,无语,旁边,那桌,服务员,说,量,少,问题,服务员,干脆,拿回去,加,半盆,这算会,哭,孩子,有奶,喝,羊腿,肉量,倒,OK,口味,太,斯文,西北,烤羊,腿,没法,手,抓饭,败笔,评论,唯一,留恋,名字,还念,不好,甜点,酸奶
好,感觉,挺,新鲜,味道,一般般
好,耶里,夏丽,菜,真,朋友,约,办法
好,排,好久,队,味道,以前,南丹路,店,吃,好吃
好,第二次,过来,不错,感觉,徐家汇,分店,好吃
好,环境,五角场,店好,店内,推销,38,元,一盒,新疆,葡萄,试吃,外卖,份娜,帕里,勇
好,朋友,周五,小聚,感觉,好像,味道,以前,有点,总体,还行,表演
好,中桌,小时,期间,小桌,大桌,动,唯独,中桌,一动不动,实在,无法,理解,取号,意义,晚上,节目,吃,结束,聊天,羊肉,不错
好,流传,朋友,八佰伴,公司,玩,中午饭,黄金,小,板凳,一下下,拉
好,爸爸,生日,选择,他家,庆祝,第一次,吃,越来越,觉得,好吃,大盘鸡,羊排,点菜,大盘鸡,味道,太,家里,完全,做出,水平,羊排,肉,算,有点,柴,汁水,不够,烤,透,羊骨,汤,真的,羊骨,汤,几块,骨头,一点,肉,价格,便宜,沈阳,回民,街,吃,羊骨,汤,没法,羊肉串,算,便宜,3.5,一串,羊肉,味,菜,一一,点评,本来,舞者,表演,算是,他家,特色,这次,点,入座,点半,点半,两场,表演,每次,超过,分钟,感觉,敷衍了事,舞者,换下,表演,服,下班,早,知道,周末,晚市,才刚
好,拉,烤羊,排,羊肉串,温,菜,没什么,太,特别,比较,特别,偏贵
好,肉串,缩水,服务员,上菜,速度,太慢,餐厅,播放,音乐,太吵
好,旧,店,羊排,以前,好吃,肉,入味
好,还行,点评,说,好吃,大盘鸡,全是,土豆,烧软,熟,硬,入味,鸡肉,很大,块,无从,下,口,整体,感觉,好,羊肉串,不错
好,吃,不错,服务员,衣服,应该,稍微,干净,整洁,更好,人,感觉,不太,干净
好,朋友,特,喜欢,这家,餐厅,不太,喜欢,嘈杂,环境,太吵,自制,酸奶,好吃
好,听说,这家,店,菜,不错,朋友,感觉,味道,挺,好,生意,真的,好
好,服务态度,差
好,行,口味,图,新鲜,排队,人太多
好,菜蛮,特色,服务员,龚晓晓,好,服务,热情,一直,面带笑容,感觉,值得,再
好,吃,以后,觉得,新疆,菜,内地,菜,吃,奶制品,制作,技术,一流,酸奶,味道,很赞,值得一提的是,中间,舞池,里,跳舞,演员,好看,新疆,舞,跳,传神,以后,还会,再,哒
好,全是,肉,算了,不太,适合
好,新疆,菜,牛羊肉,最,喜欢,奶茶,奶茶,羊肉串,就够,坐,比较,角落,不到,人
好,口味,实在,牛羊肉,西贝,做,好
好,喜欢,吃,羊排,牛肉,煎,包,真心,好吃,排队,时间,久
好,感觉,味道,以前,好,歌舞,热情,服务,不错,谢谢,魏霞,周到,服务
好,菜,算,服务员,林芝,茵,服务态度,好
好,新疆,特色,真的,浓,服务生,好像,维吾尔族,听,隔壁,桌说,一部分,来自,中亚,各国,手,撕,羊肉,口味,不错,外,菜,真的,一般般,服务,说,实在,不行,环境,太,噪太噪,少,人数,聚会,未必,合适
好,服务员,马茹,比代,服务,好,好
好,大堂,人声鼎沸,人气,超旺,舞蹈,助兴,喜欢,热闹,去处,Z,坑,羊排,不错,消费,人均,100,左右
好,特地去,拔草,奶茶,顺滑,外面,卖,确实,点,西域,牛排,羊肉串,正宗,酸奶,吃,不大惯,来说,太酸,鸡翅,奥尔良,烤,翅,味道,总体,来说,菜,适合,重,口味,丁丁,炒面,忘记,拍照,酸酸,辣辣的,开胃,结账,吃,210,最,主要,西域,牛排,贵,吃,完,剩,一半,感觉,有点,浪费
好,朋友,请,吃饭,羊肉串,好,难吃,一点,不香,这种,一定,肥瘦,相间,大盘鸡,味道,行,土豆,入味,鸡,羊杂,汤,骚气
好,排队,时间,人,心焦,座位,安排,太挤,觉得,距离,宽松,点,人,心里,舒适,些
好,听说,这家,店,人气,很旺,约,朋友,尝尝,菜,味道,特别,环境,特别
好,不错,饿,狼吞虎咽,吃,一盘,鸡,加一,大碗,米饭
好,这家,店,菜,口味,不错,环境,只能,称得上,服务态度,好,菜,量,有点,少,酸奶,有点,贵
好,听说,这家,店,已经,很久,中午,看到,表演
好,热门,习惯,味道
好,也许,希望,值,高,尝试,后,感觉,味道,真心,好吃
好,【,Boe,】,这家,店,真的,只能,吃惯,正大,广场,店,觉得,这家,店,不行,七个,人,吃饭,点,菜,羊腿,羊排,馕,包肉,风味,炒,馕,卷饼,羊杂,鱿鱼,须,羊肚,羊腰,手,抓饭,掘,根粉,凉皮,整体,水平,羊腰,烤,老拉低,整体,均分,这段,饭,打分,低,羊腰,只能,说,好,朋友,说说笑笑,开心,菜品,一定,吃,不爽
好,上次,外卖,羊肉串,味道,好,儿子,心心念念,点菜,有空,工作日,五点,不用,排队,菜品,丰富,点,好,羊排,羊杂,汤能,按位,不错,大盘鸡,量,适合,五人,吃,三人,吃不完,打包
好,家庭聚会,吃,特色,奶茶,好喝
好,收钱,员,服务,太,差,知道,公司,立场,考虑,真,公司,立场,考虑
好,羊肉,不错,大众,点评,里,会员卡,扫,店里,二维码,说,大众,点评,一家,餐馆,没用
好,喜欢,娜,帕里,勇,烤羊,排,晚上,吃,排队,表演,有点,吵
好,离开,家,最近,分店,歌舞,表演,有肉,馕
好,菜,口味,最后,点,羊肉,炒饭,好,膻
好,最爱,吃,凉皮,想要,吃,凉皮,跑,这家
好,公司,附近,中午,过去,吃,人满,掐到,点,看到,新疆,舞,表演
好,奶茶,半个,小时,没来,现挤,服务员,一直,说,好,说,半小时
好,菜量,挺,点,几个,菜,吃,完,过来,问,口味,服务,不错
好,味道,不错,环境,不错,服务,到位
好,服务员,服务态度,好,尤其,林芝,茵,服务,真的,不错
好,忙,饿,昏,吃,烤肉,烤,番茄,辣椒,配,酸奶,口感,新奇
好,菜品,好吃,环境,不错,马肉,比代,服务,好
好,羊肉,类,菜,味道,很正,娜,帕里,勇超,好吃,夏天,点生,啤配,羊肉
好,样子,性价比,不高,样子,性价比,不高
好,娜,帕里,勇,好吃,奶茶,好喝,番茄,牛肉汤,酸酸的,人,食欲,蕨,根粉,好吃,泡,脚,凤爪,味
好,饭菜,气氛,好,女儿,开心
好,先说,说,菜,味道,之前,吃,几家,店,店,水准,部门,聚餐,点,好多,菜,具体,每个,菜,一一,点评,味道,算,特别,特别,难吃,重点,说,几个,比较,好,比较,差
好,口味,正宗,出品,稳定,肉肉,新鲜
好,正宗,过瘾,解馋,适合,肉食者,饭点,位置,几次,信心,排队
好,地方,感觉,不错,服务,算,位置,不好,找到
好,公司,突然,提议,吃,烤全羊,就订,这家,店,真心,烤全羊,吃不完,每人,带回,一盒,肉,肉串,好吃,吃,烤全羊,麻烦
好,想象,中,好,人,真的,超多,生意,火爆
好,大盘鸡,菜量,水准
好,中午,人多杂,吵,总体
好,去年,团购,今天,想,应该,留下,点
好,说实话,不知,火爆,味道,舞蹈,不错
好,迎宾,法麦,美,服务态度,好,人超,还好,大众,提前,号,所有,服务员,点评,点评,点评,回头,再,修改,评分,实际,感受,应该,高,评价
好,一年,一次,就够,只,适合,小伙伴,聚餐,适合,拖家带口
好,味道,前期,地道,刚刚,新疆,回来,人,超多
好,口味,无功,无过,小份,雪域,牛排,老而,无味,肉,羊肉串,太老,不够,热,馕,不错,松软,大盘鸡,土豆,为主,最,不好,买,团购,券,两种,一种,周一,周四,一种,无,限制,通用,饭店,里,说,一种,周五,周日,使用,团购,券,打开,网页,再,一看,周五,周日,几十块,钱,令人,不爽
好,表示,喜欢,羊肉串,羊肉,太大,坨,实在,有点,咬不动,太,入味,羊排,味道,不错,只能,吃,一块,吃,觉得,膻,酸奶,最,好吃
好,很久以前,味道,真的,服务员,倒,比较,热情
好,外卖,羊肉串,烤羊肉串,大叔,收,钱,找钱,根本就是,讲,几次,估计,不想,找钱
好,每次,人,知道,好吃,服务态度,差
好,比较,喜欢,吃,烤羊肉,环境,比较,嘈杂,口味,没什么,好不好,吃
好,服务态度,太,不行,期间,服务员,不理,结帐,脸,表情,叫个,当时,恼火
好,饭点,肯定,排队,队,几个,人,幸好,提前,三个,人点,羊肉串,羊腰,羊排,牛排,凉皮,杏鲍菇,手,抓饭,奶茶,酸奶,一个,番茄,辣子,炒,茄子,菜,三个,人,吃,350,饱死,手,抓饭,有点,冷,觉得,炒饭,牛奶,饭,羊肉串,羊排,羊腰,挺香,牛排,吃,完后,久,已经,吃不下,觉得,酸奶,西贝,味道,奶茶,挺,纯正,门口,旁边,对面,停车,发票,中,块,告知,领要,银行,感受,最深,环境,巨吵,撇,情操,别去了
好,从前,味道,羊肉串,烤焦,成黑,送,上桌,以后
好,菜品,口味,环境,不错,服务员,态度,好,随叫随到,感觉,亲切
好,第一次,尝尝鲜,不错,之后,觉得,实在,合口味,烤羊肉串,人,意犹未尽
好,知道,为啥,火,最,喜欢,羊肉串,点心,菜,感觉,座位,靠近,音响,喇叭,吵
好,每次,吃,这家,肚子,总会,痛,估计,吃,肉,关系,大盘鸡,好吃
好,提前,预定,晚上,八点半,之前,别去,味道,相比,北京,新疆,办事处,差,一截,也许,适应,上海,本地,口味,不得而知,高峰,时段,演,节目,本来,打算,结账,不结,节目,等位,苦,逼,管理,应该,仔细,琢磨,琢磨
好,吃,一串,烤熟,羊肉串,服务员,说,帮,烤,下,换根,拿走,后,再也,回音
好,这家,分店,人气,超旺,人多,一定,提前,订位,吃,牛羊肉,有点,腻,点点,蔬菜,知道,分店,菜单,是不是,上次,田林,店,吃,菜单,菜,种类,好少
好,生意,太好,环境,一定,不好,新疆,菜,菜,太,菜得量,变得,精致,装盘,腔调,帮菜,酸奶,小点心,改良,去过,新疆,后,上海,吃,新疆,菜,标榜,牛羊肉,新疆,青椒,洋葱,土豆,配料,新疆,新疆,味道,餐厅,歌舞,表演,所有,新疆,馆子,表演,表演,变成,噪音,影响,食欲,感受,顾客,乐于,上台,新疆,演员,一起,舞蹈,请,人,吃饭,选
好,点,烤,杏鲍菇,里面,调料,拌匀,菜量,适中,看不出,新疆,人,豪迈,菜,饭店,开,上海,改良,不甜,适合,北方,同学,小朋友,吃饭,原本,说好,晚间,跳舞,表演,知道,周一,舞蹈演员,休息,订位,只,知道,周一,人会,少点,表演,导致,服务员,提前,告诉,下,好,现在,吃饭,吃,环境,跳舞,助兴,菜,贵点,饭店,表演,依旧,吵,以致于,喊,买单,喊,10,对面,三个,服务员,充耳不闻,好容易,一个,回头,简单,招手,示意,下,好像,打扰,三人,交谈,最后,服务员,买单,反正,觉得,这家,店全,五星,真的,市场部,人,认真,呵呵
好,本想,预约,说,预约,好,理解,问翻,台率,高不高,回答,15,20,分钟,即可,happy,一个,小时,朋友,坚持,吃,点,羊腿,羊排,换,架子,肉,西域,牛肉,换,铁板,牛肉,热门,菜,备料,备,备足,好不好,想,喝生,啤,点,新疆,啤酒,热水,催,两次,忙,理解,第二,波,客人,收拾,东西,应该,放在,第二位,服务,客人,应该,放在,第一位,浅显,道理,懂吗,大盘鸡,土豆,太大个,肉太老,牛奶,饭,味道,中规,中距,娜,帕里,勇,好吃
好,口味,行,想象,好吃,留下,印象,只,记得,舞蛇,表演,挺,噱头,环境,吵,聊天,费劲
好,食物,不错,有点,挤,桌距,小,算是,新意
好,吃,无数次,点,点,感觉,一定,要点,东西,一定,惊喜,哈哈哈哈,别问,我点,每次,忘记
好,吃,以前,前提,接待,MM,好,今天,换,男,态度,好差,知道,排队,超过,45,抽奖,男,非,说,小时,好心,MM,提醒,墙上,写,规则,男,说,午市,规则,明明,午市,晚市,分别,承认,晚上,抽,拜托,熟悉,业务,规则,熟悉,拜托,傲慢,真气,人
好,排队,店,没人,吃,应该
好,新疆,餐厅
好,喜欢,吃,羊肉,试一下,烤羊,排,羊肉串,羊肉串,不太热,感觉
好,觉得,店,味道,区别,蛮大,以前,做,好吃
好,适合,约,朋友,吃个,烤肉串,喝喝,小酒,地方
好,冲着,打折,人气,旺,排队,时间,长,觉得,员工,服务,门口,美女,最好,越,往里面,越差,第一,后场,地板,水渍,顾客,小心,洒,老婆,厕所,差点,滑倒,DDP,建议,别去了,第二,退,菜,忘记,退,要点,菜,忘记,下单,一个,蒸蛋,一个,晚上,第三,退,两包,纸巾,收银台,半天,收银员,说,电脑操作,下,自顾自,聊天,擦,我火,直接,零钱,退,口味,调料,放,味道,觉得,西贝,以后,占便宜
好,公司,附近,中午,好多,人来,排队,吃,套餐,中餐,热闹,歌舞,表演,太,讲究,有点,吵
好,这家,店,第一次,吃,以前,一直,吃肇嘉,浜,路店,菜量,知道,以前,少,这家,和肇嘉,浜,路,感觉,好少,特别,手,抓饭,大盘鸡,小,人均,100,吃,东西,感觉,酸奶,奶茶,喜欢,小朋友,喜欢,羊肉串,最,值得一提的是,中午,舞蹈,表演,两只,舞,很棒,特别,男舞者,长得,很帅,特色
好,喜欢,这家,新疆,菜,不敢,吃,新疆,人,懂
好,口味,菜品,赞,吃完饭,服务员,手机,点
好,环境,不错,表演,氛围,好,菜式,新疆,菜,有点,吃,不惯,羊肉,比较,骚
好,门前,总是,一群,等位,人,生意,火爆,吃,以后,感觉,大盘鸡,里,土豆,半生,羊肉串,烤,奶茶,算是,亮点,价钱,便宜,知道,跟风,排队,人,以后,不想,再
好,老公,喜欢,家,羊肉,味道,不错,信,价比高,囊,好吃,选择,素菜,太,少,周五,吃,服务员,魏霞,小姑娘,太度,好,热情周到
好,一直,想来,吃,突然,想,吃,新疆,菜
好,看到,星尚,报道,喜欢,吃,羊肉,超级,好吃
好,中午,人哈多,附近,上班,白领,口味
好,羊肉串,很辣,够味,点心,那怕,李勇,还好,喽,服务员,马,玉龙,随叫随到,好,一个,小伙子
好,味道,烤羊肉串,大盘鸡
好,本来,喜欢,吃,羊肉,臊味,说,羊排,酸奶,吃,不惯
好,这家,店,挺,人,表演,感觉,大盘鸡,份量,以前
好,无,服务,东西,便宜,特别,吵,口味
好,服务,分量,味道,还好
好,服务,不错,菜量,味道,不行,招牌菜,摊,招斯,大盘鸡,好吃
好,总体,不错,价格,偏贵,团购,比较,实惠
好,不值,一家,新疆,店,价格,贵,量少,觉得,羊肉串,石河子,凉皮,好吃,晚上,舞蹈,表演,一个,女人,条蛇,跳舞,怕怕
好,菜品,真心,特色,来说,比较,油多,吃,几口,腻,酸奶,有点,怪怪的,土耳其,餐厅,好喝,羊肉串,正宗,一定,烦着,点名,道,姓,上面,表扬,知道,老板,想,本来,体验,这种,方式,完全,印象,打折
好,上次,老爸,老妈,吃,开心,表演,服务,挺,好,今天
好,中午,吃,简餐,一个,手,抓饭,一串,羊肉串,手,抓饭,里,羊肉,胡萝卜,个数,能数,好吃,干,味道,上菜,慢,羊肉串,半天
好,第一次,吃,新疆,菜,两个,女生,加,位,岁,小帅哥,点,牛奶,饭,酸奶,串,羊肉串,抓饭,小土豆,一个包,吃,菜,一罐,可乐,180,一共,感觉,稍微,有点,小贵,总体,说,味道,不错,小土豆,有点,实惠
好,很赞,太,喜欢,家,肉,肉,喽,没次,吃,大盘鸡
好,景亚琴,态度,和蔼可亲,微笑,特别,讨人喜欢
好,味道,不错,喜欢,吃,羊肉串,大盘鸡,烤羊,排,酸奶,奶茶,烤,馕,跳舞,表演
好,晚上,点有,新疆,表演,持续,半小时,互动,很强,暂,一个,吃,东西,品种,比较,羊肉,想象,中,好吃,一起,三个,人去,两人,吃,好,后,拉肚子
好,【,1655,】,20141110
好,不太,喜欢,新疆,菜系,原因,听,介绍,过来,感觉,口味,喜欢,大盘鸡,不错,量,很大,实惠,羊肉串,晚上,大厅,中央,表演,有点,吵,气氛,比较,浓郁,新疆,特色,吃,吃,不错
好,吃,一次,不错,菜量,很大,适合,圆桌
好,总体,人太多,味道,普通
好,今天,吃,真是,郁闷,排队,后面,人,先,坐,喊,一次,喊,下面,人,走到,身边,时间,菜,杏仁,软,用料,太水
好,好吃,羊肉串,家,正宗,味道,好
好,最,喜欢,吃,烤,馕,东西,蘸,辣椒酱,真,好,养活
好,新疆,菜,一直,喜欢,不敢,轻易,吃,那种,应该,算,比较,干净,正常
好,两次,同学聚会,这家,羊肉串,味道,好,不吃,辣,朋友,觉得,重口,肉质,口感,Q,弹,每次,等位,时间,很长,先,门口,点些,羊肉串,吃,看到,说好,演出,大盘鸡,推荐,菜,个人感觉,不难,吃,绝无,惊艳,处,奶茶,装,茶壶,里,中,一下,羊排,羊腿,膻味,羊排,羊腿,比较,地道,番茄,牛腩,汤,还行,环境,吵,服务,适合,随便,吃,吃
好,说好,wifi,说好,歌舞,停车费,报销,送,一份,酸奶,东方路,店,现在,生意,好,感觉,总体,服务水平,下来,以前,感觉,好
好,羊肉串,3.5,很香
好,公司,聚餐,肉,吃,不惯,特别,羊肉汤,膻味,受不了,羊肉串,羊腿,吃,吃,奶茶,还行,菜,没功,没过
好,第一次,吃,耶里,夏丽,今晚,倒,第一次,东方,路上,这家,吃,说,下,羊肉串,想,不用,想,肯定,每桌,必点,每次,耶里,夏丽,点,今天,看到,说,特价,3.5,元,一串,觉得,好,今天,羊肉串,真的,失望,根本,羊肉,味道,肥瘦,相间,一点,油肉,香味,肉,口感,里脊肉,不像,羊肉,说好,微辣,羊肉串,调料,粉,看到,吃,一串,食不知味,剩,五串,只好,麻烦,服务员,点,孜然,粉,沾,吃,羊肉串,肉,部位,每家店,每个,厨师,烧烤,习惯,造成,口味,口感,说,最后,买单,刷卡,服务员,问,是否,大众,点评,app,点个,赞,举手之劳,想开,app,没想到,店内,Wi,Fi,不给力,表示,网,不好,时,服务员,要求,我用,网,流量,点赞,此时,明白,点赞,意思,坐,位置,不太好,手机信号,不佳,只能,服务员,表示,无能为力,网,点到,大众,点评,耶里,夏丽,东方路,店,一看,好多,留言,点名,道,姓,服务员,点赞,请问,店,搞,表示,以后,这家,店,再,耶里,夏丽,五角场,那家店
好,服务员,盖爽,好,羊肉串,西红柿,炒,茄子,宝宝,爱,吃,羊排,不错,环境
好,味道,行,真的,吵,吵,吵,朋友,坐在,对面,讲话,听,不到,受不了,无线网,工作日,下午,五点,半到,排队,六点钟,排起来,知道,多人,排队,是因为,菜,娜,帕里,勇,羊肉串,烤羊,排,比较,推荐
好,等位,足足,一个半,小时,还好,免费,奶茶,喝,歌舞,表演,菜,味道,不错
好,上菜,挺快,口味,算,纯正,服务,小妹,热情周到,经询,名叫,何依,取,佳人,何所依,意境,咩,席间,歌舞,表演,演员,水平,尚可
好,不哈,此类,酸奶,羊肉串,一次,滋滋,冒油,知道,改进
好,大盘鸡,土豆,第一遍,烧熟,回去,重烧,勉强,过关,菜,酸奶,不错
好,喜欢,这家,奶茶,羊肉串,类似,餐厅,酸奶,好喝,羊排,不错
好,瓜,甜,一般般,性价比,不高
好,空调,舍不得,开,好,热,菜,无功,无过,大盘鸡,有点,坑,鸡肉,味道,土豆,行,羊排,79,六个,稍微,腻,点,奶茶,好喝
好,中午,同事,两个,人去,吃,碰到,表演,HIGH
好,多人来,吃,无非,新鲜,菜品,肉类,口味,真是太
好,好像,服务员,利用,客人,大众,点评,点赞,强制,点,赞,不让,无线网,流量
好,菜量,很足,排队,排到,疯掉
好,中午,新疆,歌舞,表演,哈密瓜,拔丝,味道,不错,烤羊,排,好,牛奶,饭,应该,奶酪,饭
好,东西,不错,牛羊,烤肉,吃,不错,赞
好,服务,好,歌舞,气氛,high,大盘鸡,太,地道,烤囊,端上来,冷
好,最近,菜,味道,变,知道,是不是,换,厨师,分店,同一,菜,味道,等位,超,四十分钟,赠菜,不错,大菜,人多,合适
好,一直,喜欢,耶里,夏丽,环境,每次,朋友,聚餐,讲话,吼,太过,喧闹,尤其,表演,音响,太,差,耳朵,快振聋,估计,节假日,人,比较,门口,号,态度,不佳
好,比较,正宗,新疆,菜,服务员,好多,少数民族,中间,表演,生意,好,工作日,排队
好,太久,没去,吃,以前,同事,聚餐,当时,同事,各奔东西,唏嘘,感伤
好,最,喜欢,馕,坑,羊排,羊排,一层,金黄,貌似,奶蛋,面,这种,吃法,算是,最,正宗,当初,外地,新疆,领事馆,做,大盘鸡,看着,优惠,点,感觉,比较,坑,靠近,鸡肋,肉,吃,麻烦,没什么,肉,正是,食,无味,弃之可惜,感觉,优惠,点单,不值,菜式,大众,特点,明显,味道,算,纯正
好,吃,帕里,勇,好吃,拼盘,第一次,吃,不错,多种,肉,咸,奶茶,第一口,感觉,好,奇怪,喝,几口,习惯
好,菜量,比较,少,大盘鸡,里面,见到,几块,肉,羊肉串,说实话,味道,小肥羊,羊肉串,真,好吃,耶里,夏利,胜,歌舞,表演,气氛,比较,热闹,环境,新疆,特色
好,口味,偏辣,新疆,菜,中,最,出名,大盘鸡,很赞,面条,有点,慢,拿上来,已经,凉透,无法,享受,热,面条,浸入,大盘鸡,汤汁,中,美味,羊肉,膻味
好,吃,好,几次,服务,不错,表演,不错,里面,羊肉,制品
好,新疆,人,新疆,菜,自然,期望,比较,高,评分,不高,实际,来说,味道,不错,这种,开,成分,店,新疆,餐厅,失去,新疆,菜,特色,新疆,菜,讲究,豪气,名字,听,大盘鸡,大盘,盘子,量,扎实,豪情,手,抓肉,豪,手,抓不住,厚重,层次感,味觉,体验,辣,麻,香料,香味,失去,食物,原香,最后,热情,新疆,人,应该,最能,做到,买卖,仁义,热情,轻浮,大方,不孤冷
好,闺蜜,想,吃,羊肉串,大盘鸡,吃厌,这次,没点,点,架子,肉,雪域,牛肉,架子,肉,知道,烤羊,排有,区别,贵,一倍,牛肉,菜,倒,拔丝,哈密瓜,惊艳,娜,帕,没说的,好吃,这家,点,表演,精彩,点半到,点,10,分,表演,次,认真
好,孩子,吃,小朋友,挺,爱,羊肉串,牛奶,饭,他家,馕,坑,羊排,最,爱,鲜嫩,多汁,极是,美味,奶茶,港式,奶茶,淡,一些,每次,必点,外面,羊肉串,不敢,吃,这家,估计,还好,每次,必点,烤鱼,真心,入味
好,好,晚,排队,有点,长,值得,等待时间,长,抽奖
好,大盘鸡,不错,羊肉串,只能,说
好,等位,时间,长,服务态度,不错,这桌,刘自丹,服务
好,聚会,点,烤全羊,大盘鸡,不吃,羊肉,烤全羊,量,很大,足够,20,人,吃,大盘鸡,很大,份,哈密瓜,很甜,价格,小贵
好,开张,大盘鸡,里,肉,好多,羊肉串,好吃,自制,酸奶,很酸加,蜂蜜,几个,印象,深刻,些,机会,再,一次
好,羊排,不错,服务员,好,几次,买单,男人,推荐,羊腰
好,奔,便宜,特色,公司,组团,吃,点,两次,烤全羊,吃,点,前去,表演,人,每次,不爱,吃,羊肉,特别,喜欢,菜,奶茶,酸奶,值得,一尝,噢
好,很多年,前,南丹,东路,吃,羊肉串,印象,深刻,今天,附近,试妆,老公,开眼界,碰上,暴雨,非要,冒雨,伞,车上,感动,做件,人事,报答,今天,买单,有个,名字,特别,女服务员,叫盖爽,笑容可掬
好,中午,人,好多,不用,等候,特别,要说,服务,真不错,不停,更换,食碟,老公,不好意思,羊肉串,好吃,大盘鸡,老公,说,好吃,觉得,好辣,酸奶,不错,木有,表演
,听,介绍,过来,吃,不错,服务员,郭亚会,挺,好,服务态度,好,人,机灵
好,烤全羊,有点,惊艳
好,老公,喜欢,一家,店,酸奶,烤羊,排是,每次,必点
好,喜欢,吃,肉,不错,羊肉,鸡肉,容易,满足,感觉,人,比较,有点,嘈杂
好,吃,人气,高,耶里,夏丽,之后,终于,确定,新疆,菜,确实,太,感冒
好,大盆,鸡量,很足,油腻,肠胃,吃不消,回家,拉肚子,酸奶,不错,酸奶
好,家,附近,新疆,菜,羊肉,味道,附近,有家,清真馆,原先,羊肉,味道,更好,一点,胜,气氛,好,酸奶,不错
好,知道,好评
好,这家,羊肉,真的,中东,风味,鲜嫩,多汁,肥瘦,相宜
好,特色,酸奶,地球,人,知道,觉得,第一口,最,好吃,适合,单位,同事,朋友,同学,聚会,环境,比较,嘈杂,东西,味道,性价比,高,适合,肉食,主义者
好,不太吃,羊肉,很大,支,羊腿,没法,尝试,味道,挺重,羊肉串,不错,酸奶,酸,应该,人,喜欢,味道,奶茶,推荐,一些,小炒,遇到,表演,朋友,互动,感觉,一部分,吃,气氛,比较,适合,喜欢,大肉,人
好,真心,大盘鸡,正宗,相差,一个,档次,羊排,烤,西贝,人,排队,想,明白,以后
好,中午,等位,人气,爆棚
好,马路边,一家,店,旁边,一个,小,停车场,停车,算,方便,看到,歌舞,表演,啤酒,放在,一炮,冲天,里,抢,喝,挺好玩,价格,却,啤酒,贵,新疆,菜,图个,新鲜,吃,完,身上,一股,烤,串味
好,人气,一直,很旺,耶里,夏丽,总算,吃,总体,评价,只能,说,还行,无功,无过
好,吃,一次,中饭,味道,中午,人,炒饭,比较,硬,爱
好,单位,附近,中午,适合,人多,吃,午市,套餐,便宜,肉太少,两个,人,单点,烤羊,排,羊肉串,好吃,店里,跳舞,太吵,看见,隔壁,桌刷,微信,试吃,杏,刷,服务员,说,两次,最后
好,两次,新疆,吃,正宗,新疆,菜,相比之下,新疆,菜,改良,适合,江南,人,口味,价格,亲民,服务,好,上菜,速度,极快,跳舞,表演,舞台,放在,中央,坐在,柱子,后面,看不到,放到,里面
好,餐厅,氛围,好,舞蹈,特色,菜量,不算,服务,总体,还行
好,买,外卖,里面,有个,接待,小姑娘,好看,东西,口味,一般般,感觉,胃口,外面,量,好,少
好,奶茶,不错,下次,新疆,餐厅,再点,大盘鸡,必要,这家,有点,肉,咬,不太动,酸奶,有点,少,看得出,做,味道,点,菜,超级,辣
好,请,服务,报太高,期望,好吃,菜,真的,挺,就餐,高峰,时段,做好,等位,准备
好,吃饭,高峰,位子,时间,太,长,羊肉串,烤羊,排,不错,味道,好,真真,新疆,口味
好,第二次,吃,上次,感觉,好,尤其,西贝比,羊排,大量,号称,微信,关注,后,送,水果,小杏,完全,失望,味道
好,大盘鸡,味道,不错,羊肉串,很大,一串,味道,觉得,街上,吃,两样
好,老公,生日,气氛,好,晚上,歌舞,表演,烤羊,排,手,抓饭,好吃,口味,来说,个人感觉,西北,莜面,好吃,量,西北,莜面,千秋
好,第二次,店,无论是,烤肉,炒菜,新疆,风味,有点,噱头,里面
好,亲,知道,干嘛,跳舞,老子,安排,座位,真是,隔,千山万水,特别,跳舞,站,老子,眼前,好,老子,透视,眼,拉,条子,酸奶,不错,羊肉,吃,两块,腻,几个,服务生,帅哥,心
好,总体,不错,中午,人,已经,挺,座位,宽敞,菜,分量,不算,少,味道,挺,好,好像,回忆,没什么,值得,惊艳,朋友,聚会,吃,吃,不错,滴
好,同事,聚餐,好多,回,味道,真心,喜欢
好,爱,吃,肉,人,应该,比较,喜欢,羊肉,牛肉,吃,有点,腻,酸奶,不错
好,停车,根本,免费,吃,300,报销,10,元,停车费,大盘鸡,越做越,难吃
好,人,服务员,忙不过来,几次,反应,点,大盘鸡,里面,木有,放面,鸡肉,吃,完,面,吃,开心
好,知道,旺,感觉,性价比,太高,菜品,感觉,不是太好,吃,酸奶,味道,实在,受不了
好,男朋友,两个,人去,吃,想象,好吃,环境,还行,酸奶,味道,受不了
好,班里,新疆,同学,班聚,选,耶里,夏丽,同学,打电话,过去,定位,子才,订,估计,知道,拖,里面,装饰,异域,服务员,新疆,人,奶茶,挺,好喝,羊肉,应该,正宗,羊肉,吃,一半,跳舞,表演,一个,男生,拉上去,跳,一段,气氛,带动,活跃,估计,这类,菜,通病,口味重,吃,觉得,吃,完,觉得,想,喝水,一试,不错
好,每次,遇上,表演,这是,节奏,拉,上台
好,新疆,特色,一家,店,慕名,已久,今天,总算,拔草,.........
好,地方,蛮大,还好,早,等位,傻,喜欢,里面,饮料,超级,好喝,表演,互动,赞
好,点到,已经,排队,菜,味道,不错
好,点,半左右,店里,已经,坐满,一半,吃饭,间隙,歌舞,表演,热闹,菜,带些,辣,吃,辣,慎重
好,羊肉串,好吃,烤鱼,烤,没味,鱼,有点,腥,烤肉,片,服务员,推荐,特别,咸
好,酸奶,做,酸奶,味,炒囊,太油,太干,朋友,喜欢,打包带,回家,羊肉串,吃,街上,卖,区别,手,抓饭,行,饭,稍,干
好,一直,觉得,清淡,新疆,菜,会拉人,一起,跳舞,互动,菜,味道,羊排,食材,不错,清淡,羊排
好,大盘鸡,好,大好,一盘,记得,以前,吃
好,晚上,预约,只能,六点,周一,表演
好,朋友,早就,排队,人多,新疆,菜,想象,中,好吃,太油,酸奶,不错
好,每次,排队,餐厅,里,热闹,挺,适合,聚餐,量,味道,还行,最,喜欢,新疆,奶茶,挺,浓郁
好,感觉,东方,店,真的,服务,菜品,前台,取号,MM,挺,漂亮
好,工作日,晚上,店里,好,热闹,稍稍,位置,这家,耶里,旗舰店,等位,地方,周边产品,买,店,中间,位置,新疆,羊肉,正宗,好吃,吃,完,撑
好,每周,一次,午餐,中午,送,牛奶,饭,诶,点评,一下,诶,午间,套餐,便宜
好,味道,有点,大盘鸡,味道,不错,酸奶,奶茶,不错,烤羊,腿,烤羊,排,感觉,味道,有点,淡,凉皮,有点,失望
好,同事,聚餐,团购
好,西域,餐厅,感觉,总体,肇嘉,浜,路,那家,口味,算,好
好,上菜,略慢,说实话,表演,真心,吵,烤羊,腿,手,抓饭,推荐,特别,手,抓饭,里面,葡萄干,那种,很湿,一点,枯不干,好,入口
好,环境,实在,太,吵杂,喜欢,安静,就餐,环境,点心,民族,大团结,挺好吃,炒饭,不错
好,公司,下班,后,下,大雨,肉食动物,比较,喜欢,表演,换个,口味,不错
好,平时,五角场,吃,今天,东方路,味道,完全,五角场,特别,每次,必点,沙湾,茄子,牛肉,包,五角场,味道,烤,全翅,先,煮,后,烤,上面,表皮,金黄,下面,纯白色,菌,锅汤,淡而无味,推荐,番茄,牛肉,牛肉,酥,烂,番茄,味,够,浓,服务,方面,比较,及时
好,千万别,点,胡尔炖,民族,大团结,里面,点心,越来越,小,服务员,做,越来越,不好
好,去过,好,每次,排队,东西,好吃,等位,时,饮料,喝,不错,知道,是不是,中午,关系,看到,表演,奶茶,好,好喝
好,中午,同事,一起,话,说,羊排,口味,最,好吃,大盘鸡,羊肉串
好,人气,高,点,之后,有人,等位,时间,长送,酸奶,大盘鸡,羊肉串,必点,菜,量,比较,适合,人多量,标准,新疆,风格,点,半左右,歌舞,表演,上菜,速度,P,S,一桌,只能,免费,停,一辆车
好,生意,一直,不错,一家,新疆,菜馆,菜量,很大,荤,天,荤,羊肉串,挺好吃,表演,价格,有点,小贵,重,口味
好,不错,价格,还行,看到,表演,比较,郁闷,菜量,不错,试试
好,新疆,菜,吃,完,嘴里,一股,味道,味道,倒,不错,价格,有点,贵,门口,排队,超过,半小时,抽奖,以前,直接,送,吃,现在,变成,大转盘,转
好,记忆,中,新疆,餐厅,菜量,超级,大份,这家,店,东西,迷你,进,上海,开店,价格,贵,东西,一点点,性价比,烤羊,排,羊肉串,神马,不错,吃,跳舞,表演,难办,吃,吃
好,这家,番茄,炖牛肉,做,很棒,羊肉串,似乎,小,一点,门店,比较,小,夜里,夏利,小,一点,不错
好,这家,店,人气,超旺,晚上,吃饭,有人,跳舞
好,治治,服务,周到,可爱,今天,吃,不错,斗,满意,好
好,陪,老公,附近,想,逛,天气,冷,想,吃,点,羊肉,新疆,菜,分量,足,有个,表演,舞台,有点,吵
好,东西,好吃
好,几个,推荐,菜,之外,烤羊,排,羊肉串,总体,感觉,菜,份量,偏小,大盘鸡,69,鸡肉,腿肉,份量,不算,老虎,菜,16,块,菜,石河子,凉皮,味道,几口,酸奶,不错,家里,酸奶机,做,知道,加,奶茶,环境,分不高,主要,原因,太,吵,30,之前,跳舞,音响,声,实在,太大,迪厅,十二点,效果,心脏,不好,人,难过,死,上菜,很快
好,觉得,羊肉串,最,好吃,菜,不错,羊肉,各类,菜,比较,特色
好,坐在,舞台,边上,一桌,音响,吵,吃客,似乎,high
好,这家,店,味道,行,价格,一点点,小贵,停,适合,请客,朋友,吃饭,同事,一起,聚会,来到,里面,感觉,有点,吵,音乐,表演
好,同学,回族,这家,店,吃,晚上,表演,建议,聊天,舞台,太近,太吵,酸奶,挺好吃,菜,特别,惊喜
好,过生日,一帮人,当天,上午,就订,不到,大桌,只好,坐,长桌,点,菜,10,人均,150,酸奶,好吃,比西,贝,好吃,不用,加,蜂蜜,大盘鸡,里,鸡,土豆,慢,好吃,有个,牛,百叶,一直,吃,大盘,肚,好吃,石河子,凉皮,不错,羊肉串,喜欢,烤羊,腿,牛排,吃,完,打包,第二天,中午,吃,点,菜,太,吃,傻,当天,生日,歌舞,表演,一帮,厨师,跳,江南,STYLE,哒,谢谢
好,离浦,电路,蛮近,没什么,特别,新疆,菜,孜然,味,有点,受不了
好,朋友,请客,人不多,点,几个,菜,都还没,吃,完,吃,完,味道,行,地方,有点,吵
好,马马虎虎,吃,吃,原来,差,以后,打算,菜饭,送上来,凉,交涉,后,重新,加热,感觉,不好
好,朋友,请,吃饭,公司,人不多,点,几个,菜,两人,吃,完,味道,行
好,手,抓饭,面都,好吃,面,韧劲,羊肉串,不辣,入味,羊排,炒,牛肚,炒,牛心,菜,有点,油
好,味道,不错,上菜,服务,还好,说,免费,停车,300,报销,10,元,车费
好,记得,第一家,点,天山,路上,连锁,人满为患,菜,好吃,回不去,反正,越来越,难吃,特殊,情况,应该,再,鸡肋
好,感觉,吃客,点多,离开,时,人,位子,孙若,男,服务,不错
好,年初二,菜,少,服务,不够,到位,拉,人少,不用,排队,边上,停车位
好,味道,不错,服务员,提醒,一下,团购,优惠券,更好,味道,不错,服务员,提醒,一下,团购,优惠券,更好
好,本来,想,吃,点,之前,没点,菜,所谓,午市,套餐,再,坑,菜量,少肉少,全是,素菜,唯一,奶茶,比较,好喝
好,羊肉串,亚可西,中午,吃,套餐,各算,一个,套餐,加,点,羊肉串,酸奶,酸奶,口味,不错,撒,几粒,葡萄干,糖,加
好,人,一直,一家,店,排队,排,好久,单买,羊肉串,打包带,走,东西,现在,做,有点,油腻,味道,不错
好,里面,菜,分量,很足,尤其,大盘鸡,四个,人,根本,吃不完,里面,羊肉,味道,好,没什么,膻味
好,喜欢,大盘鸡,入味,丁丁,炒面,好吃,晚上,表演,生意,超好,还好,提前,订位
好,这家,店,相对,五角场,店,偏,小,一些,表演,新,推,生,啤,力,朋友,超爱
好,这家,开业,同事,一起,吃,时隔,两年,再,味道,感觉,以前,好,没点,好,菜,奶茶,清炖,羊腿,不错,一般般,烤鱼,不好,肉,味道,发苦,同事,怀疑,是不是,宰鱼,鱼胆,弄,破
还行,元旦,节目,倒,挺,过节,气氛,太吵,羊肉串,喜欢,吃,羊肉,接受,味道,最,喜欢,里面,烤,馕,沾,酸奶,酱料,吃,真心,好吃,没点,好,菜,闲,奶茶,人,失望,之前,曼陀铃,喝,差太多,应该,再,尝试
还行,羊肉串,##,大盘鸡,都,不^,菜色,味道,相似,度,很大,每P,菜,一c,羊,}味,吃,太油,了,吃,一次,後,半年,,走^,他,家,,,羊,}味
还行,浦,电路,附近,吃,地方,这家,排队,新年,第一餐,吃,重,口味
还行,中午,家有,午市,套餐,点,一份,68,元,套餐,再,加,一份,22,元,小吃,组合
还行,中午,还好,不用,等位,同事,吃,人,人,套餐,以前,套餐,划算,量,里面,菜,个个,好吃,六人,118,元,套餐,吃,小盘,鸡,炒,牛肉,炒,羊肉,不错,上周五,却,发现,现在,套餐,改了,小盘,鸡,一个,荤菜,配,素菜,同事,纷纷表示,下次,不来,吃,午市,套餐
还行,夜里,夏利,不错,价格,有点,高,喜欢,大盘鸡,看到,老外,跳舞,最后,优惠券,打折
还行,买,代金券,消费,点,大盘鸡,还要,宽面,自制,酸奶,土豆泥,羊肉串,手,撕,卷心菜,炒菜,具体,忘记,名字,味道,不错,三个,人点,吃,完,上菜,速度,有点,慢
还行,吃,太,感觉,感觉,南丹,店,最,好吃,环境,店要,好
还行,真的,震聋,好,音响,开,话,说,手,抓饭,真的,不错,羊肉,意外,西兰花,好吃
还行,奶茶,酸奶,行,东西,好吃,碰到,歌舞,卖,酒,真的,穆斯林,餐厅,魂,淡
还行,工作日,中午,同事,吃,人,中午,午市,套餐,没点,套餐,上菜,速度,比较慢,羊肉串,忘记,帮,下单,牛肉,榛磨,炒,粉丝,比较,重,口味,咸,辣,铁板,菌菇,牛肉,看不到,几片,牛肉,羊肉串,感觉,四川北路,那家,菜,做,好吃
还行,菜品,改良,完全,上海,味道
星级,喜欢,肉食,人,来说,选择,菜,价格,不算,贵,分量,行,环境
星级,口味,凑合,惊艳,奶茶,买一送一,烤,馕,特别,好吃
还行,一直,想,人,吃,新疆,菜,一次,偶然,机会,中,吃,好
还行,朋友,过生日,请客,地方,好找,地铁,4.6,号线浦,电路,下,便捷,新疆,菜,品牌,几个,托,朋友,福,吃,超级,大盘鸡,分量,超赞,估计,四个,男生,一起,餐厅,舞台,正中,坐,小桌,表演,清晰可见,人数,太多,坐,包房,看不清楚,立柱
星级,杜,青青,服务,热情,大盘鸡,酸奶,推荐,环境,好,一次,好,体验,难忘
还行,新疆,菜,这家,最,好吃,每次,排队
还行,大堂,经理,态度,蛮横,花费,几千只,肯,报销,10,元,车费,岂有此理,味道,不错,量,还行,服务员,不错
星级,天山路,店差,环境,菜,里面,跳舞,台子,平时,一帮,小孩,上面,胡,大乱,闹,影响,环境,很差
星级,昨晚,算是,回味,新疆,行
星级,菜量,很足,奶茶,奶味,比较,重,甜,咸,选,大盘鸡,不错,送面,面拌,很赞,囊,包肉
还行,吃,准备,明天,打电话,订位,一上午,忙音,下午,点多,总算,通,说,订位,对方,那女,电话,挂,莫名,奇妙,接受,订位,订满,说,一声,死,接下去,忙音,态度,实在,太,恶劣
还行,爸妈,老公,中午,随便,吃,吃,点,一个,凉皮,丁丁,炒面,手,抓饭,烤羊,排,干锅,花菜,孜然,西葫芦,味道,Soso
星级,排,久,队,东西,一般般,吃,完,印象,深刻,菜,环境,不错,特色
还行,奶茶,很赞,葡萄干,很赞,馕,感觉,事实证明,西北,餐厅,里点,河鲜,海鲜,有个,菜,里,炒,虾仁,一个,遗世独立,同盘,里,食材,口味,格格不入
还行,这家,店,口味重,菜,南京路,那家辣,遇到,服务员,态度,冷淡,门口,等位,时,吃,小包装,糕点,女儿,后,想,吃,寻摸,收摊,问,糕点,门口,迎宾,兼任,跳舞,女,穿,红色,新疆,服饰,重妆,瞄,一眼,说,问,里面,点,女,说,vola,眼神,飘走,陷入,神游,完全,无视,三秒,无,下文,当时,有点,无语,里面,服务员,告诉,玩意,没得点,服务态度,建议,培训,好,之后,再,上岗,客户,上帝,客户,空气
还行,总,觉得,新疆,菜,一个,味,孜然,味
星级,丸子,妈妈,同事,上海,新疆,插队,提前,一周,订,烤全羊,婆婆,预计,羊,很大,之前,还点,冷菜,大盘鸡,几个,热菜,羊,全吃,完,丸子,吃,一只,腿
还行,酸奶,酒酿,发酵,不错,吃肉,必配
星级,超,喜欢,家,酸奶,吃,两个,人点,大盘鸡,手,抓饭,羊肉串,吃,超级
还行,服务员,王倩,服务,不错,异域,风情,不错,位子
星级,国庆,下午,点,人不多,大盘鸡,两个,人,吃,太,建议,两个,人,吃,点,西域,拼盘,烧烤,直接,点,羊排,奶茶,挺,好喝,不错,一试
还行,新疆,风味,餐厅,奶茶,羊肉,挺,地道,吃,一次,碰上,跳舞,舞,跳,很漂亮,最后,一支,舞有,猛男,条蛇,最怕,蛇,连滚带爬,跑出去,好,穿着,毛衣,寒风,中站,支舞,跳,完,后面,吃饭,心情,草草,吃,完,走,人,同去,人,过瘾,以后,不敢,再,一次,买,梨,问价,12,块,一斤,一会,说,13,想想,买,13,13,钱,结账,结账,服务员,系统,里,找,不到,13,价格,凑,过去,一看,梨子,12,问,服务员,12,一斤,说不清,面,新建,一个,品种,自说自话,帮,结账,总,傻子,感觉,沟通,困难,放弃,购买,估计,超市,梨子,差,超市,买好
还行,周六,12,30,入店,不用,等位,直接,坐下,店内,坐满,人声鼎沸,声音,嘈杂,坐在,中间,有个,大台,地方,好几个,熊,孩子,玩,滑车,乱冲,乱撞,跌,朋友,身上,超,讨厌,无,语,家长,吃喝,孩子,中间,玩,倒,挺,省心,坐在,台,场上,人,真,够呛
星级,老爸,插队,新疆,找,下,回忆,说,乱,78,糟,山寨,新疆,菜,等位,半小时,环境,热闹,觉得,味道,图个,热闹
星级,第一次,吃,耶里,吃,下来,真心,一般般,想象,中,好吃,羊肉串,冷掉,味道,街边,卖,无,差异,羊排,有点,羊臊,味儿,肥肉,有点,蔬菜,色拉,不错,酸酸的,酸奶,拔丝,香蕉,一定,要成,热,吃,丁丁,炒饭,表演,挺,精彩
还行,晚上,表演,一边,吃,羊肉串,一边,表演,真心,很爽,表演,里,蛇,有点,东西,不错
还行,中午,吃,套餐,味道,不错,环境,挺,特别,量,太少,吃饱
还行,中午,吃,午饭,两个,人点,两个,菜,点,大众,送,醉,蝴蝶,一个,服务员,说醉,蝴蝶,葡萄汁,说,两个,菜,饮料,没来,找个,服务员,说,前面,服务员,没点,继续,点醉,蝴蝶,填写,大众,点评,号码,全部,吃,完,饮料,没来,期间,催,三次,最后,说,算了,打包,说,打包,要收,打包,盒,钱,再,五分钟,期间,两个,服务员,说,最后,时间,走,过来,服务员,说,炸,跑,服务台,看见,榨汁机,空,两个,人,吃,一百多,吃,商务,套餐,忽悠
还行,环境,挺不错,李玉波,MM,服务生,人蛮,好,服务,相当,周到
还行,周末,人超,小孩,超多,东西,一句,话,人多,吃,比较,好,东西,多点
还行,环境,吵闹,表演,朋友,坐下,吃,饭,喊,嗓子,感觉,下次,选择,就餐,安安静静,品尝,好,一些,餐厅,风格,羊肉串,酸奶,凑合
还行,朋友,约,吃,上海,好,多家,店面,第一次,吃,没想到,火爆,等位,人,超多,还好,时间,不算,太久,店面,很大,流动率,蛮高,吃,人群,里,维族,老外,环境,超级,吵,想要,安静,聊天,适合,一些,吵,朋友,聚会,人,High,菜品,算,不错,偏辣,羊肉串,好吃,大盘鸡,量,超级,味道,推荐,尝鲜,停车,超级,难停
还行,东西,不错,中午,人多,服务,明显,跟不上,一个,小时,菜,最后,只好,退掉,用户,体验,比较,差
还行,周六,中午,亲戚,吃,最近,这家,很火,说,慕名而来,烤羊,排,真心,不错,油而,不腻,蘸,酱料,特别,好吃,大盘鸡,感觉,想象,中,好吃,酸奶,奶茶,倒,地道,奶味,浓郁,可惜,服务,真心,不怎么样,乱哄哄
还行,周六,晚上
星级,吃,好久,耶里,夏丽,积分,8000,分,今天,第一次,吃,难过,差点,吐,牛奶,饭,无力,吐槽,以后,再也,不吃
还行,人气,很旺,六点,已经,排队,点,推荐,菜,大盘鸡,羊肉串,烤羊,排,丁丁,炒面
还行,大盘鸡,吃,至少,翅,尖
星级,一晃,一阵,没去
还行,这家,店,分店,差多,牛肉,串,拿上来,冷,大盘鸡,里,一块,好肉,去过,一次,不想,再,第二次
还行,实在,口味,男朋友,吃,很爽
还行,味道,感觉,大盘鸡,六点,表演,人蛇,吓人
还行,还好,比较,早,肯定,排队,点有,表演,蛇,真的,一身,冷汗,菜,量,接受,说,量,很大,适中,辣辣的,比较,算重,口味,酸奶,菜,觉得,一般般,大盘鸡,里面,土豆,好吃,入味,甜点,喜欢,点菜,想,吃,点,拼盘,羊肉,羊肉,味道,赞,一个,算是,货真价实,表演,音响,太响
还行,去过,好,几次,晚上,比较,好,有人,跳舞,氛围,比较,好,东西,味道,行,肉类,为主,男人,比较,喜欢
还行,生意,好,最,装修,好,西域,餐厅,?,大盘鸡,明显,以前,量,酸奶,以前,浓厚,酸度,降低,?,每年,夏天,买,小小的,葡萄,价格,一年,年,水涨船高,今年,25,一斤,甜度,不好,带点,酸味,?,小小,失望,记
还行,上次,南京东路,那家,吃,不错,这次,再,东方路,排队,坐在,中间,舞台,周围,点来,表演,音响,头顶,尼玛,吵死,人,最高潮,两个,跳舞,条蛇,坐在,舞台,周围,小姑娘,吓跑
还行,沪,人气,比较,旺,新疆,餐厅,每次,排队,餐点,真心,觉得,soso,随便,吃,吃
还行,凉皮,超级,辣,店,味道,羊腿,挺香,菠萝蜜,好喝
还行,东方,店相,比较,喜欢,政通,店,东方,店,等位,时间,好像,稍微,短点,喜欢,羊肉串,丁丁,炒面,大盘鸡,现在,越做越,难吃
还行,做点,事情,滴滴答答,次,每次,漏,上菜,催,很多遍,说,退掉,真正,催菜,奶茶,好喝,奶茶,粉冲,羊排,炒,馕,东西,贵,总体
还行,真的,吵,爆,音响,震死,人,咯
还行,羊腿,羊排,好吃,那么回事,知道,人气,足,店里,热,要命,太热,兴趣,吃
还行,再也,不来,本来,喜欢,吃,羊肉,今天,找,条,巨大,蛇,跳舞,擦,巨大,好多,女生,惊恐,闪到,一边,思路,难到,这家,店,觉得,人怕,蛇,瞬间,食欲,全无,付账,走,人,太,扫兴,位子,舞台,边上,惊恐,太,人性
还行,有点,有点,失望,想象,中,好,点,表演,好,吵,耳朵,受不了
还行,这家,分店,不用,位子
还行,以前,南丹,东路,店,吃,东方,店,开,家门口,一直,去过,外卖,折,午市,套餐
还行,同事,聚会,不爱,吃,羊肉,感觉,新疆,奶茶,不错,浓郁,奶,味儿
还行,新疆,菜,量,很大,气,很爽,看着,说,大盘鸡,喜欢,吃,鸡,感觉,特爽,大盘,土豆,烧,不错,味道,好,很辣,牛肉,现烤,肥肉,他家,特色,精彩,舞蹈,表演,吵,正宗,新疆,男女,跳,专业,演员,他家,厕所,印象,好,一股,舒服,香味,反正,主动,选,想,再,吃,想,一起,吃,凑活
还行,名气,仙霞路,附近,那家,两层,小店,就常去,觉得,东西,味道,不错
还行,羊肉串,羊排,不错,点,瓦斯,黑啤,口吃,肉大口,喝酒,爽,下午,五点,不用,排队,点,就要,等位,点,左右,表演,感觉,新疆,民族,风,已经,异化,成,摇滚,味道,印度,地方,舞蹈
还行,一个,小时,中间,40,分钟,抽奖,抽,中,一盘,39,元,土豆,味道,60,分钟,再,送,奶茶,奶茶,好喝,很香纯,大盘鸡,味道,马马虎虎,值得,这么久,吃
还行,这次,工作日,中午,三个,人点,午市,套餐,68,元,一份,大盘鸡,68,元,一份,酸奶,六串,羊肉串
还行,口味,荤腥,总是,重,口味,吃,挺,爽,觉得,太,油腻
还行,爸妈,爱,吃,回,只能,说,味道,见长,烤羊,排,好吃,环境,太吵,交流,吼,汗,?
还行,同事,离职,请客,等位,人,心痛
还行,更吵点,人多,吃,气氛,羊肉串,觉得,好吃,普通,大盘鸡,土豆,凉皮,好吃
还行,奶茶,酸奶,酸,汤鱼,牛心,菜,不错,大盘鸡,配,面,40,分钟,羊排,只能,沾,料,吃,羊肉串,只,剩,辣味,判断,做法,正宗,用料,不够,好,超市,冰冻,西北,餐厅,味道,可惜
还行,这家,第一次,大盘鸡,羊排,味道,五角场,家,酸奶,五角场,好吃,服务,好,几次,服务员,明明,看到,不理,打包,东西,还会拉下,几次,店里,人,忙,下班
还行,分店,去过,几次,这家,不错,大盘鸡,手,抓饭,我特,喜欢
还行,大盘鸡,虹口,那家店,好吃,感觉,服务员,没劲,打采,乱哄哄,人,排队,人,汗
还行,这家,挺,失望,同事,一直,觉得,这家,不错,特地,下班,一起,吃,位子,晚上,比较,堵车,稍微,晚,一点点,服务员,批评,囊,炒,肉,根本,看不到,肉,囊,炒,好吃,最后,奶茶,觉得,不错,这家,生意,好,位置,太,拥挤,走路,方便
还行,烤羊肉串,加,丁丁,炒面,不错,手,抓饭,试试,少数,名族,感觉
还行,菜量,不小,点,手,抓肉,特色,羊肉,味道,很重,味道,总体,行,西贝,走,同一,路线
还行,真不知道,为啥,人,觉得,味道,人太多,看着,难受,反正,人气,挺火,酸奶,不错
还行,今天,吃,中饭,晚上,想,吃,点,过瘾,想到,这家,新疆,菜,羊肉,很大,块,实实在在,番茄,牛肉,酸酸甜甜,味道,不错,果汁,比较,稀,水加,感觉,炒饭,好吃,干干的,唯一,惊喜,刮,发票,中,十块,完
还行,男生,应该,超级,喜欢,地方,口吃,肉,地方,实惠,歌舞,表演
还行,羊肉串,特别,好吃,全精,更好,羊排,不算,特别,好吃
还行,第二次,羊肉,每桌,必点,还行,喜欢,他家,牛奶,饭,嗲
还行,靠近,浦,电路,附近,味道,中途,表演,看着,氛围,挺,好,人多,吃,比较,尽兴
还行,超,喜欢,他家,烤羊,排,东西,不错,有点,辣,大盘鸡,正点,土豆,点,呵呵
还行,庆祝,生日,送,蛋糕,长寿面,看到,异域,风情,帽子,拍拍,提提,气氛,好,中间,舞台,客人,一起,互动,跳,江南style,新疆,舞,觉得,菜式,比较,偏咸,一点,上菜,顺序,完全,乱套,酸奶,老虎,菜,酱牛肉,拔丝,香蕉,羊杂,汤,丁丁,炒面,土豆,汤,娃娃,菜,羊肉串,羊肉串,味道,不错,最后,味道,打折,新疆,奶茶,不错,街边,奶茶,一个,等级,这是,助消化,服务,热情,上菜,却慢,环境,有点,吵杂,想,安静,聊天,适合,图,热闹,好,选择
还行,曾经,有人,推荐,这家,店,一直,机会,月,机会,点评,网上,它家,大盘鸡,特色菜,现在,特别,时期,鸡,失望,大盘,回鱼,大盘鸡,做法,单说,味道,特别,惊奇,烤羊肉串,一串,3.50,元,好,好吃,价格,公道,小炒,羊仔骨,58,元,一盆,真心,好吃,有个,点心,叫娜,里,勇,24,元,新奇,奇怪,名字,新疆,特色,点心,党参,红花,煲,羊,蝎,味道,买,69,元,不知,何故,西贝,羊,蝎,吃,味道,相差,甚远,总体,来说,随便,吃,吃,还行,再次,光顾,兴致
还行,老公,三趟,排长队,地方,终于,吃,想象,中好,花,300,性价比,不高,只,去过,一次,想,第二次,菜,口味,还好,没什么,太深,印象,奶茶,不错,大盘鸡,好大,一盘,烤羊,排,差,肉质,硬,感觉,新鲜,西贝,烤羊,排,慕名
还行,人,环境,南京路,好,拥挤,吵闹
还行,几个,朋友,一起,过去,吃,一个,朋友,推荐,人蛮,点,一份,烤羊,排,呵呵,味道,不错,喜欢,比较,适合,大众,口味,喜欢,喝,奶茶,觉得,他家,奶茶,喝,外面,奶茶,味道,很大,差别,以后,不想,点,朋友,说,酸奶,味道,好,比较,纯正,羊肉串,还好
还行,味道,不错,吃,西贝,之后,觉得,耶里,夏丽,口味,有点,重,排队,实在,伤不起,点,不到,排,一个,门口,位子,比较,吵,跳舞,mm,不大到,下次,提早,预定,舞台,位子
还行,生意,好,门口,总是,排队,高峰,小时,吃,还好,最后,一个
还行,菜,服务员,盯,发,评论,最后,吃,下来,感觉,太,说,难吃,谈不上,不算,好吃,至少,价格,成正比,三颗,星
还行,有名,一家,新疆,菜,餐厅,吃,觉得,味道,生意,好,明白,点,招牌菜,大盘鸡,量,挺,足,肉质,一点,鲜美,烧烤,拼盘,有点,偏咸,晚上,说,歌舞,表演,好久,总,感觉,有点,失望
还行,这家,吃,耶里,夏丽里,最,难吃,一家,第一次,吃,天山路,家,真是,好吃,这家,加盟店,新开,南京东路,那家,涨价,吃,300,排队,人,真是
还行,味道,行,讲话,吼,嗓子,哑,舞蹈,好看,新疆,女孩,好看,吃饱,后,旁边,华夏,良子,洗洗脚,惬意,一次,呵呵
还行,中午,套餐,实惠,随便,吃,吃,大盘鸡,不错,羊肉串,有点,味道,西贝,好吃
还行,之前,人广,看到,新开,一直,想,尝试,下,总是,看到,人山人海,排队
还行,几年,前,拖,尝鲜,队排,时间,很长,里面,dancer,热情,那天,貌似,过生日,人,好,几桌,音乐,太,震耳欲聋,菜品,无功,无过,一般性,价格,倒,辣手,特色菜,点,一圈,无感,要求,太高,真正,新疆,味,汉人,吃,不惯,改良,无限,接近,本土,菜色,口味
还行,酸奶,拔丝,真心,难吃,新疆,人,听不懂,国语,上菜,速度,很快,味道,吃,完,忘,感觉,香料,表演
还行,南,丹东,路上,每次,羊肉串,大盘鸡,烤羊,排是,必点,比较,适合,口味,不错
还行,一半,王国,味道,不错,好像,芒果,核,一起,榨汁,喝,好,费力,全是,一根,根,须,大盘鸡,活动,量,原来,少,面,催,几次,送,送,几根,噢,炝,炒,牛心,菜,每次,要点,全是,肉,着实,吃,下去
还行,人,挺,排,会队,觉得,以前,菜量,羊肉串,好吃,酸奶,不错
还行,中午,档,午市,套餐,实惠,菜量,少,元,一杯,换购,奶茶,量,平时,少,原味,甜味,咸味,供选择,觉得,好喝,外带,一杯,外带,原价,10,元,店里,布置,风味,生意
还行,等位,40,分钟,抽奖,等位,小时,送,壶,奶茶,我家,宝宝,抽到,价值,69,元,大盘鸡,知道,热门,菜,赠送,原因,这盘,鸡,花,谢
还行,新疆,人,新疆,菜,服务员,跳舞,新疆,人,美的,肉食者,最,爱,表演
好,团购,优惠,一起,买,300,券,最后,花,180,真心,贵
还行,第一次,餐厅,吃,新疆,菜,桌子,感觉,有点,小,菜,味道,感觉,西北,菜,比较,类似,北方,人,吃,比较,习惯,总体,感觉,特别,突出,地方
还行,同事,聚餐,常去,地方,东西,比较,评价,有次,帮,朋友,打包,炒饭,说,吃,完胃,疼,太油
还行,知道,排队,人,人山人海,东西,好吃,吃,新疆,菜,最,满意,地方,东西,贵,难吃
还行,今天,点,菜,好,失败,大盘鸡,面是,烂面,孜然,烤肉,老老,奶茶,很重,膻味,换,厨师
还行,一直,想,试试看,失望
还行,手,抓饭,里,羊肉,一股,子,膻,腥味,丁丁,炒面,味道,食客,评价,好,感觉,大街,随处可见,兰州,拉面馆,做出,味道,价格比,这家,店,便宜,韭菜合子,吃,味道,不错,不喜,油腻,人,点
还行,新疆,菜,有点,地道,新疆,原汁原味,最,主要,门口,停车,还要,收费
还行,新疆,菜,生意,一直,火爆,每天,有人,排队,等位
还行,总体,菜,味道,不错,有个,马良,凤,服务生,服务态度,好,服务,热情,主动,儿子,儿童,椅,上菜,不错,唯一,遗憾,感觉,大盘鸡,里,配面,分量,有点,少
还行,环境,处在,居民区,前面,外面,停车,10,块钱,大盘鸡,牛奶,饭,惊艳,真心,好吃,像是,甜品,样子,羊肉串,想象,中,特别,不够,吃,好,回家,羊骚味,很重,正宗
还行,本来,西北,人,西北,菜,要求,高
还行,环境,斜土路,吵,地方,这次,点,一个,撒姆撒,烤,包子,味道,不错,奶茶,不太咸,总体,不错,人,吃,东西,量
还行,人气,很旺,太旺,排队,半个,小时,位置,人,闹哄哄,有点,吵
还行,选,五星,拖,哪有,好吃,普通,特色,大盘鸡,好吃,土豆,辣椒,比鸡,鸡肉,很嫩,入味,吃,嘴里,口味重,口味重,新疆,菜,香味,家里,烧,鸡,好,送,面,比鸡,好吃,童话,里,骗人,丁丁,面,好吃,吃,完,满嘴,大蒜,味木有,出门,还要,放心,附近,新疆,惯偷,差点,得手,里面,耶里,夏丽,饮料,挺,好喝,一次,再,店
还行,周六,晚上,人,一个多,环境,有点,吵,表演,一个多,一会,暗灯,跳舞,异常,热闹,羊肉,味,够,足,吃,完,嘴里,一股,味儿,图个,热闹,不错
还行,大盘,肚,觉得,不对劲,腥,不敢,吃,吃,一点点,吃,菜,人,穷,拉肚子,拉,晚上,睡觉,呕吐,一次,打死,这家,餐厅,真心,坑爹
还行,大盘鸡,盘子,很大,太浅,味道,鸡肉,好吃,正宗,正宗,知道,远,比不上,以前,北京,吃,大盘鸡
还行,朋友,请客,环境,不错,点,样子,跳舞,还会拉人,一起,跳,人,口味,羊肉,窜,冷掉,大盘鸡,奶茶,不太,习惯,味道,去过,尝下,当做,一种,体验,好
还行,同事,推荐,新疆,饭店,人,歌舞,表演,味道,羊肉串,象是,现烤,烤羊,排,一班,班,爱,吃,肉,新疆,人,吃饭,饭店,脍,比较,好
还行,肉,肉,肉,腻,大盘鸡,行,羊排,已经,吃不出,味道,腻,凉皮,挺淡,羊肉串,好,好吃,吃,好,新疆,奶茶,咸,好喝,酸奶,感觉,酸奶,比老,酸奶,好,一些,堂子,挺大,比较,吵,送,水果,开心
还行,点,烤羊,排,奶茶,羊肉串,薄,皮包,子和手,抓饭,薄,皮包,子,奶茶,稍稍,满意,一点,特别,奶茶,好喝,手,抓饭,出彩,手,抓饭,配菜,味道,不错,羊排,味道,真心,适合,重,口味
还行,真得,生意,爆好,一家,店,中午,人山人海,点,烤羊,排,羊肉串,牛奶,饭,酸奶,紫暑,烤羊肉,味道,不错,羊肉,很嫩,多汁,淡,点,蘸,辣椒粉,不辣,重,口味,羊肉,饭,马马虎虎,牛奶,饭,倒,挺,浓郁,有点,芝士,局,感觉,太甜,新疆,奶茶,好喝,可惜,中午,看到,表演
还行,那次,点,东西,一桌,菜,想,吃
还行,口味,不错,分量,不算,太,价格,不算,便宜
还行,昨天,真是,鲜,加加
还行,奔,烤全羊,....,失望,完全,羊肉,味,....,羊肉串,好吃,...........,感觉,煮熟,再,烤,.....,歌舞,表演,夜,一般般,吃,听说,羊排,羊汤,不错
还行,人气,很旺,点,不到,有人,等位,也许,周末,服务,到位,冰块,醉,蝴蝶,甜,点,想,加冰,爽口,点,说,没冰,菜量,少点,表演,时吵
还行,每次,店,吃饭,太不容易,排队,小时,上菜,速度慢,点,大盘鸡,40,多分钟,服务态度,总算,好,服务员,米,文娟,张,露露,热情,长得,可爱,分,谢谢
还行,吃,400,菜,剩
还行,公司,对面,中午,套餐,人,比较,上次,速度慢,东西,量,开,开业,大盘鸡,味道,不错,加,一份,面,奶茶,好喝
还行,棒,尤其,有个,朱竹凤,妹子,服务,特别,温馨,环境,特别,好,太,值得,棒,太,值得,太好了,太好了
还行,第一次,,吃,h境,不e,很域,服T,任珍,人,名,J真,崆,推],菜,大P,u,奶茶,羊肉串,好吃,C,,再,
还行,喜欢,新疆,菜,喜欢,烤肉串,耶里,夏丽,不错,选择,晚上,爆满,人数,喜欢,天山,店,环境,更好,舞蹈,美,期待,老半天,只,看见,壮硕,型,美女,条,半死不活,蛇,扭来扭去,养眼,程度,实在
还行,知道,为啥,火,餐厅,环境,嘈杂,音乐,声音,真心,有点,说话,吼,菜,口味,一般般,有点,失望,说,当初,满怀希望,反正,下次,再
还行,第一次,办,会员卡,打折,力度
还行,久,之前,吃,真的,吃,习惯,奶茶,怪怪的,味道,面食,主食,羊肉,吃不来,吃不来,价格,便宜,朋友,请客,吃,一次,后,去过
还行,人,口味,还好,大盘鸡,里,土豆,好吃
还行,周末,点到,点,多一点,等位,奶茶,小食,奶茶,好喝,点餐,告知,烤羊,腿,羊排,三个,人,220
还行,服务生,周,雄强,不错
还行,说实话,喜欢,这种,以送,葡萄干,利诱,顾客,讨,表扬,讨,好评,方式,特别,顾客,点菜
还行,菜,味道,分量,比较,足,羊肉,比较,正宗,上次,公司,人,聚餐,最后,那道,貌似,全羊,味道,不错,吃,腻
还行,感觉,这种,地方,最,适合,朋友,聚会,说,环境,一点,马虎
还行,正好,附近,跳舞,第一次,吃,新疆,菜
还行,比较,喜欢,吃,西北,菜,主,羊肉串,烤羊,排是,最,爱,吃好饭,一个,酸奶,味道,不错,滴,更好,消化,一下,推荐
还行,觉得,现在,吃,最,好吃,新疆,菜馆,以前,上海电视台,对面,弄堂,里,现在,当时,那家,丁丁,炒面,馕,炒,肉,羊肉串,真是,无比,美味,粗犷,风,狂香狂,有味
还行,土豆片,好吃,两个,女生,吃,大盘鸡,可惜,奶茶,羊骨,汤,不错,酸奶,好吃,朋友,,不吃,羊肉,羊排,吃
还行,外卖,羊肉串,羊排,出现,外卖,单中,估计,是因为,食物,冷,严重,影响,口感,外卖,很想,试试,小,失望
还行,耶里,夏丽,算是,新疆,菜,比较,有名,人气,高,每家店,客满,新疆,菜量,很大,点多,容易,吃,掉,.....,味道,不错,这是,不可否认
还行,周一,打折,周二,自制,酸奶,女士,半价,两天,表演,北方,人,来说,觉得,菜,味道,不够,石河子,凉皮,一点,辣味,甜,奶茶,挺,好
还行,朋友,聚餐,临时,决定,吃,排,久,队,店家,活动,排队,半小时,以上,抽奖,幸运,抽中,手,抓饭,味道,不错,有点,油,希望,改进,周末,8.5,折,划算
还行,气氛,好,一家,店,18,00,表演,食物,味道,新疆,菜,味道,羊肉串,正宗,新疆,啤酒,味道,不错,算是,特色
还行,三个,人,吃,挺,大盘鸡,烤羊,排,手,撕,包菜,丁丁,炒面,烤羊肉串,烤囊,酸奶,凉皮,最,喜欢,酸奶,真太,好吃,糯,糯,干,不稀,特甜,相当,爽口,比西,贝,好吃,第二,喜欢,烤肉,囊,大盘鸡,烤羊,排倒,挺,服务,不错
还行,本来,想,陆家嘴,舌尖,金融城,结束,漫无目的,走,说,东方路,八佰伴,附近,看看,吃,朋友,说,耶里,夏丽吃椒,麻鸡,说,椒,麻鸡,听,推荐,倒,确实,一直,没吃过,走,走,走,好久,终于
还行,公司,附近,吃,不少次,不爱,吃,羊肉,特色菜,机会,品尝,吃,里面,大盆鸡,不错,牛奶,饭,不错,一个,韭黄,做,蔬菜,名字,记得,咸,奶茶,有点,喝不惯,喜欢,甜,奶茶
还行,喜欢,耶里,夏丽,口味,特地来,吃,东方,店,明显,天山,店,做,好,番茄,牛肉,羊肉串,端上来,冷,明显,是从,冰箱,里,转热
还行,环境,特色,菜品,特点,羊排,特别,好,微博,关注,后,送,新疆,葡萄干,服务员,谢,美女,关注,障碍,情况,下,送,爱,听说,表演,中午,过去
还行,一个,正宗,新疆,人,说,耶里,夏丽,新疆,菜,真的,羊肉,做,正宗,好吃,大盘鸡,不怎么样,估计,迎合,当地人,口味,做,改良,吃,正宗,新疆,菜,人,觉得,挺好吃,餐厅,环境,算是,好,服务态度,还行
还行,满心,期待,地去,却,一点点,失望,环境,服务,不错,关键,羊肉串,真心,普通,打击,信心,酸奶,似乎,新疆,味道
还行,点,小盘,鸡,风干,肉,炒,木耳,干,煸,刀豆,68,元,套餐,羊肉串,杯,奶茶,总共,消费,90,元,人均,45,元,算,比较,实惠,口味,尚可,两个,男人,吃饱,卫生,环境,不错
还行,排队,人,超多,每天,人来,味道,觉得,新疆,美女,表演,时间,很长会,一些,饮料,羊肉串,觉得,分量,比较,优惠,价格,倒,比较,实惠
还行,羊肉串,不错,羊排,贼,贵,吃,好,奶茶,最,普通,奶茶,囊,味道,曲阳路,附近,真正,维族,人,做,正宗,改良品种,口感,虽好,香味,不足
还行,耶里,夏丽,点,吃,大盘鸡,挺,喜欢,吃,每次,冲着,烤,鼻子,香,羊肉串,一次,吃,十串,过瘾
还行,一,月,至少,,次,餐d,上次,周末,知道,是不是,人多的P,S,菜量,s水,每,好,少,菜,慢,,吃,火
还行,包房,家庭,聚餐,新疆,奶茶,咸,好喝,壶,足球,样,可爱,大盘鸡,不错,羊排,有点,油腻,丁丁,炒面,不错,适合,家庭,聚餐,量,最,喜欢,羊肉,饺子,馅,占点,醋,耕嗲叻
还行,这家,新疆,餐厅,环境,好,服务员,服务态度,不错,菜肴,量,足,口味,浓重,特色,东西,大盘鸡,量足汁,美,好吃,羊肉串,烤羊,排,香喷喷,正宗,酸奶,清新,爽口,喜欢,价钱,便宜,实惠,几个,人,吃,吃,不错
还行,名气,挺大,一直,想来,这次,来过,之后,以后,菜,口味,感觉,不够,正宗,价格,算
还行,菜,味道,不错,环境,好,唯一,买单,夜市,折扣,问题,弄,愉快,收银,有个,MALING,小姑娘,问话,完全,反应,一副,不耐烦,样子,完全,事不关己,态度,恶劣
还行,六号,线浦,电路,下来,四号,口,笔直,向前走,五分钟,表演,气氛,不错,跳舞,妹子,长,挺,标志,大盘鸡,不错,量,很大,牛心,菜,手,撕,包菜,羊肉串,肉,吃,行,膻,凉皮,优惠券,九块,核算
还行,慕名,环境,新疆,晚上,表演,精彩,可惜,中午,座位,特色,点,称赞,大盘鸡,馕,坑,烤羊,腿,羊肉串,酸奶,石河子,凉皮,耶里,夏丽,耶里,夏,丽人,丁丁,炒面
还行,歌舞,表演,环境,比较,嘈杂,背景音乐,比较,响
还行,烤羊,排肉,嫩,￥,15,／,块,烤羊肉串,肉块,太小,￥,3.5,／,串,油,拌面,面条,没劲,道,￥,20,／,份,石河子,凉皮,行,￥,19,原价,／,30,之前,大众,点评,券,￥,馕,披萨,胚子,￥,／,份,周一,8.5,折,酒水,饮料,烧烤
还行,感觉,行,太,惊艳,感觉,土豆,味道,不错,奶茶,好喝,大盘鸡,量,足,酸奶,无功,无过
还行,火得,一塌糊涂,新疆,餐厅,人满为患
还行,吃,吃,羊肉串,羊腰,骚得,处理,好,服务员,推荐,烤鱼,差强人意,吃,吃,羊肉
还行,去过,一次,大盘鸡,烤羊肉串,不错,盘子,爆大,桌子,放不下,人,嘈杂,讲话,听,不到,适合,聚会
还行,这家,分店,很大,晚上,表演,预订,最,晚,只能,18,00,下班,肯定,迟,只能,漫长,等位,菜,不错,适合,朋友,小聚
还行,慕名而来,周一,多人,表演,桑心,环境,好,吵闹,服务员,扯,嗓子,喊,大盘鸡,油油,辣辣的,西葫芦,味道,怪怪的,自制,酸奶,好次,奶茶,米,道,叫个,埋单,换,三个,人,停车费,200,才免,块,坑跌
还行,初中,同学聚会,第三次
还行,欲望,第二次,地方,春天,吃,特殊,菜色,值得,回味,忘记,店里,环境,说,嘞,有点,小,撩人,只,记得,酸奶,不错,不算,菜,适合,逛街,以后,随便,吃,吃,下午,点,样子,晚,就要,排队,好久
还行,上周二,吃,一共,300,多块
还行,公司,附近,中午,一直,回来,吃,套餐,比较,实惠,服务员,方海杰,高,很帅,服务态度,好
还行,喜欢,羊肉,太,喜欢,新疆,菜,朋友,推荐,吃,仰,膻味,重,大盘鸡,不错,特别,喜欢,家,酸奶,真的,好吃,晚上,吃饭,表演,还会,邀请,客人,跳,真的,HIGH
还行,耶里,夏丽好,红,觉得,口味,相比,古丽仙,西域,情,餐厅,稍稍,差点
还行,强烈推荐,烤,包子,咬,汤汁,很香,考,羊排,好像,应该,事先,加工,温温的,口感,感觉,不怎么样,大盘鸡,入味,新疆,奶茶,口感,不错,甜,咸,差别,是不是,很大,酸奶,好,浓郁,歌舞,表演,气氛,好,想,吃,点半前,就要,晚,下,一轮
还行,环境,异域,风,吵,服务员,态度,不错,东西,好吃,特别,大盘鸡,考,羊肉串,方海杰,小伙子,服务态度,好,赞
还行,原来,刚开,吃,感觉,不错,味道,好,量,足,最近,再,发觉,以前,差,量少,还好,味道,保持,不错,性价比,不高
还行,新疆,菜,生意,好
还行,口味,质量,下降,服务,提升,羊肉串,质量,下降,特别,炒,馕,道菜,以前,羊肉,现在,少得,看不见,肥肉,推荐,孜然,羊排
还行,上次,男友,生日,吃,送,寿面,葡萄,非常感谢,小女孩,名片,不见,只,记得,好像,姓,杜,小姑娘,服务,好,亲切
还行,很多年,前,想,吃,这次,终于,如愿,等位,那天,天气,不算,太热,一个多,小时,外卖,部,羊肉串,真的,精精,难以,下咽,家,附近,好吃,期望,太高,缘故,失望,好大
还行,一大帮,人来,吃,喜欢,吃,羊
还行,第一次,觉得,期望,太高,有点,小,失望,新疆,奶茶,放,多奶,茶,挺,普通,羊肉串,不够,地道,有点,大盘鸡,真心,没则,动,有点,浪费,羊排,好吃,酸奶,以前,小时候,白雪,酸奶,感觉,感觉,随便,吃,吃,有点,小贵
还行,看见,门口,广告,周一,8.5,折,同事,同事,说,这家,东西,好吃
还行,排,久,队,吃,多人来,排队,应该,觉得
还行,中午,吃,人,服务员,忙,门口,提供,免费,瓶装水,点菜,服务员,态度,好会,主动,提示,wifi,密码,送,葡萄,优惠,太忙,会上,错菜,大盘鸡,小时,烤肉串,太淡,好吃,大盘鸡,味道,不错,晚餐,午餐会,好,多人
还行,分店,远,浦东,开,吃,两次,中午,等位,中午,表演,比较,失望,大盘鸡,入味,分量,比较,小,羊肉串,酸奶,不错,东方路,这家,比较,位置,有点,吵
还行,觊觎,好久,昨天,终于,吃
还行,周日,晚上,比较,早,位子,晚餐,歌舞,表演,挺,热闹,餐厅,吵,味道,真是,期望值,太高,热门,丁丁,炒面,新疆,碎肉,拌面,面切,成丁,状,碎肉,拌面,最,好吃,以前,浙江,路,新疆,人,开,一个,小小,店里,吃,可惜,关门,随便,吃,吃,每次,等位,选择,新疆,餐厅
还行,同事,聚餐,吃,孜然,羊排,78,馕,羊排,68,点,吃,觉得,肉,铜锅,羊肉,98,好吃,点,羊,脆骨,羊杂,小炒,点,觉得,好吃,酸奶,还行,厚厚的,酸酸甜甜,总体,觉得,性价比,一定,要说,鲜榨,橙汁,老板,太,抠门,水多,橙汁,少,喝,不出,橙汁,味,还点,榨,想想,生气
还行,听说,这是,一家,比较,好,新疆,菜,餐厅,不到,座位,有次,偶然,机会,点,以后,吃,点,东西,排队,里面,人,想象,平时,饭点,人会,听说,里面,酸奶,自制,觉得,口味,不错,推荐,好像,有个,奶茶,咸,特色,不难,喝,试试,几个,朋友,点,菜,带点,辣,很能,吃,辣,喜欢,吃点,辣,朋友,应该,喜欢
还行,知道,高,评价
还行,2012.5,12,母亲节,自然,请,麻麻,吃,一顿
还行,周六,晚上,点多来,位置,已经,第一次,坐下,点,大盘鸡,知道,点半才,说,大盘鸡,里面,面,只,剩下,肌肉,土豆,天,面,大盘鸡,大盘鸡,一起,男生,显然,吃饱,好说歹说,重新,准备,面,千呼万唤,始,面,终于,上桌,尝,口,当日,发,明天,面,入口,僵硬,口感,差,算了,请,后,厨,服务,保持,沟通,好,吃面,同志,早点
还行,西北,菜,口味,全肉,孜然,口味,重,喜欢,朋友,尝试,容易,吃,撑,爱,清淡,姑娘,悠着点,要说,特别,惊艳,口味,有个,牛排,五六分,熟,样子,蘸,芥末,酱油,好吃,嫩,口味,牛奶,饭,味道,不错,奶味,很浓,没什么,意思,肉,价格,有点,小贵,性价比,高,好,热门,餐厅,晚上,八点,人,等位
还行,属于,比较,正宗,新疆,菜,生意,红火,新疆,舞蹈,羊肉,大盘鸡,吃,带劲,过瘾,以后,会常来,不错,很棒
还行,生意,好,一家,店,还好,朋友,先,占位,一到,开动
还行,特色,饭店,今天,第三次,推荐,早点,排队,东方,店,现在,装修,人,明显,少,一些,感觉,比较,容易,吃腻,掉,说,频率,太高,味道,羊肉,不错
还行,昨天,中午,11,点去,吃饭,知道,是因为,时间,服务员,心情,不好,服务员,异样,眼神,瞪,一副,情愿,服务,样子,态度,恶劣,大失所望,原来,耶里,夏丽,服务员,素质,服务,差点,菜品,质量,不错,这次,用餐,服务员,态度,大打折扣
还行,周末,点去,排,队,等位,小时,50,分
还行,慕名,前往,外面,装修,差点,走过
还行,最,满意,奶茶,早,一壶,30,元,好吃,纯厚,烤羊,排,大盘鸡,不像,好吃,羊肉串,一般般
还行,感觉,正宗,菜式,没什么,特点,生意,火爆,人,觉得,无厘头,是因为,服务,不错,关系,愿意,门口,一个,小时,更长,他家,吃,顿饭
还行,肉菜,为主,特色,突出,价格,小贵,地方,地铁,远,歌舞,助兴,倒,不错,拉上去,挺,high,爆满,人
还行,手,抓,羊肉,不错,服务,好,等位,时间,比较,长,建议,早点,八点,以后,再,好点
还行,朋友,玩,食肉,族,选,这家,生意,好,空气,不太好,原因,羊肉串,烤羊,排要,赞,一下,奶茶,浓,一点点,腥,总起来说,还算过
还行,看点,平说,免费,停车,消费,300,以上,免费,菜品,数量,价格,浦西,贵,一点,新疆,砖茶,30,元,一壶
还行,年前,吃,口感,差太多,想当年,大盘鸡,量,足味美,现在,差太多,环境,倒,改进,吃饭,关键,吃,东西
还行,旅游,回来,大巴,开,公司,附近,飞机,吃饱,这家,店,晃悠,一下,太吵,人太多,买,几串,外卖,羊肉串,性价比,不高,味道
还行,点多,餐厅,里,客人,三四,桌,员工,打扫,怠慢,菜,算,吃,大盘鸡,觉得,一般般,肉,很嫩,比较,喜欢,吃,凉皮
还行,一次,等位,时间,一边,一边,喝,家,免费,奶茶,一边,吃,羊肉串,好吃,红茶,味好,浓,喜欢,吃饭,点,壶,咸,甜,比较,中意,甜,大盘鸡,份量,好足,羊排,烤,证好,外脆,里,嫩
还行,那天,店,吃饭,下午,新疆,特色,舞蹈,服务员,王芳,小姑娘,解说,觉得,服务态度,不错,朋友
还行,这家,做,天山路,家,好吃,好比,丁丁,炒面,欠火候
还行,点菜,员,张文君,真为,着想,提醒,大众,点评,下载,优惠券,送,哈密瓜,每次,特价,菜,挺,实惠,最好,人,多点,多点,几个,菜
还行,味道,完全,比不上,北京,新办,乌办,巴州,办,办事处
还行,中东,朋友,沪,一起,这家,餐厅,食物,不错,所有,餐具,破,盘子,木有,一个,完整,朋友,差点,桌子,掀,尴尬,要死
还行,生意,好,店,人,一起,吃,核算,量,中午,小瓶,矿泉水,送,晚上,排队,总体,不错,推荐
还行,大盘鸡,好吃,推荐,尝一尝,奶茶,味道,浓郁,搭配,一起,不错,喜欢,吃,鸡肉,喝,奶茶,错,极力推荐
还行,晚上,这家,店,接受,预定,牛,朋友,只好,先去,坐,占,位子
还行,宝贝
还行,这家,店,近两年,爆火,加,好几个,分店
还行,开张,去过,一次,朋友,强烈推荐,进门,一股,羊味,showtime,比较,热闹,围着,圈圈,跳舞,比较,新疆,特色,味道,真心
还行,朋友,生日,以为,等位,一到,位子,环境,好,新疆,味,菜,味道,行,量,想象,中,价格,偏贵,每天,新疆,舞,有点,小,失望
还行,四点,多去,等位
还行,【,交通,】,停车,方面,找到,比较,好找,地方
还行,咸,奶茶,经典,菜,普通,可圈可点,处
还行,补个,点评,周一,中午,正价,菜,85,折,优惠,正好,挺空,点,好,菜,门口,排队,午市,商务,套餐,68,128,好像,荤,两素,一大,荤,一小,荤,两素,区别,性价比,蛮高,菜,味道,不错,炒,馕,最受,欢迎,烤羊,排,味道,不错,分量,好,小,瞬间,失落,【,这群,号称,减肥,肉食动物,奶茶,味道,挺,浓,午市,套餐,里,水煮鱼,东东,不错,吃,搞不清,算不算,新疆,菜
还行,羊肉串,酸奶,不错,真心,觉得,喜欢,安静,环境,比较,吵闹,有人,跳舞,对伐
还行,工作日,晚上,人,幸好,位子
还行,说,实在,觉得,真的,想象,中,好吃,一次,兴趣,再,五个,朋友,一起,排队,排,一个多,小时,门口,小食,人太多,只,觉得,咸,奶茶,好喝,点,烤羊,腿,有点,焦,吃,放盐,淡得,无味,丁丁,炒面,销路,好,吃,完,菜式,留下,深刻,印象,排队,实在,值得,菜
还行,慕名,已久,新疆,餐厅,终于,一次,大失所望
还行,真心,谈不上,高,评分,正,正宗,发言权,服务,说,点,新疆,奶茶,问,甜,咸,我要,甜,完,之后,热,单子,明明,冷,热,热,天,知道,问,一下,冷,热,朋友,点,雪,碧,单子,千呼万唤,服务员,服务员,再,补上,最后,送上来,一听,可乐,知道,脑子里,想,买单,半天,有人,应,没人来,收钱,点,大盘鸡,蛮大,一盆,性价比,比较,高,羊肉串,3.5,元要,10,串,一个,冷盆,羊肝,好吃,重点,说,一下,炒,馕,菜单,图片,样子,汁,水淋淋,以为,炒,馕,古丽仙,吃,馕,炒,肉,类似,端上来,一看,图片,完全,干干的,汁水,最后,只好,蘸,大盘鸡,汤汁,吃,实物,为准,差,太,人均,低,说实话,味道,818,古丽仙,人多,晚上,表演,比较,热闹,点
还行,天,冷,一个,钟头,位子,吓死人
还行,喜欢,吃,家,羊肉串
还行,印象,最深,一整只,羊,推过来,有点,害怕,不敢,吃
还行,周边,商务楼,午餐时间,人暴
还行,味道,想象,中,好,口味,偏重,价格,便宜,菜,盘子,很大,量,感觉,肉,还好,不用,付钱,哈哈哈,随便,吃,吃
还行,肉,生意,好,周中,下雨天,等位
还行,今天,母亲节,请,老爸,老妈,吃饭
还行,同事,吃,人不多,位置,上菜,很快,手,抓饭,里边,放,葡萄干,奶,味道,一只,小,羊腿,味道,淡淡的,吃,不惯
还行,包房,真是,简单,连个,门,帘子,奶茶,这次,点,甜味,咸味,好喝,羊排,不错,菜,偏辣,新疆,啤酒,喝不出,特别,酸奶,不错
还行,朋友,拉来,吃,完全,碰,新疆,菜,没想到,环境,不错,晚上,跳舞,气氛,好,喝点,黑啤酒,吃,酸奶,吃点,大盘鸡,不错,价格,便宜,说,这家,店,真的,火爆
还行,环境,装修,天山路,店,乱哄哄,服务,天山路,维族,服务员,上菜,慢,菜,味道,不错,烤羊,排挺,正宗,椒,麻鸡,拌面,不错
还行,地道,新疆,菜,强烈推荐,唱歌跳舞,吵闹,人,排队,等候,酸奶,面条,正宗,可惜,烤,包子
还行,吃点,菜单,蛮重,口味,奶茶,不错,点,原味,很香,酸奶,感觉,加,明矾,酸奶,量,大盘鸡,鸡,感觉,不错,有点,辣,丁丁,炒面,味道,好,感觉,外面,新疆,人,烩面,味道,差别,羊肉串,不错,价格,ok,11,点,15,餐厅,人,服务员,知道,是不是,一部分,吃饭,服务
还行,晚上,挺,热闹,地方,有名,族,特色,表演,载歌载舞,挺,尽兴,羊肉串,大盘鸡,点菜,目,奶茶,酸奶,喝不惯
还行,中午,老公,吃,第一次,吃,新疆,菜
还行,半小时,一个,四人桌,五个,只好,旁边,加,个位,太吵,实在,吃不消,朋友,请客,跟着,推荐,菜品,吃,不惯,感觉,特别,牛羊肉,食肉,人,吃,吃
还行,人,幸好,提前,位置
还行,在家,附近,每次,临时,决定,吃,发现,等位,人,超级,高兴,吃,上周五,朋友,聚会,最终,选,他家,受不了,吃饭,等位,人,位子,食物,服务,环境,要求,自然,提高,感觉,他家,环境,服务,不行,食物,传统,新疆,菜,咯
还行,大盘鸡,VERYDECLIIOUS,WILLTRYTHISDISHAGAIN
还行,说实话,期望值,太高,导致,失望
还行,期望,有点,高,吃,下来,感觉,羊肉串,烤羊,排,点,蔬菜,西兰花,感觉,家里,炒,好吃,第一次,吃,咸,奶茶,本来,想,尝试,一下,发现,味道,挺,独特,那种,喝,想,吐,感觉,排队,很长,建议,早点,点,左右,中,表演,表演,真心,捣,浆糊
还行,说,西域,口味,一直,没什么,大爱,朋友,逛,硬,说,感受,异域,风情,勉强,吃,一回
还行,店堂,里面,一派,新疆,风格,装饰,音响,里面,播放,新疆,歌曲,服务生,一半,新疆,羊肉串,瘦肉,肥肉,相间,撒上,孜然,贼,香
还行,两个,人去,吃,点,菜,意料之外,多久,号,前面,桌,10,分钟,不到,轮
还行,昨天,约定,今天,夜宴,耶里,夏利,中午,电话,致耶,确定,周二,周六,晚上,六点,过有,表演,位子,预订,不到,曰,下午,五点,半来,临时,安排,位子,下午,五点,十昏,先来,还好,空位,选,安排,舞台,位置,座位,舞台,呵呵,稀饭
还行,烤羊,排,美味,酸奶,奶茶,灵,o,服务,令人,无,语,小菜,仿佛,默认,两份,反复强调,E,饭,咯,份且,超甜,好吃,一个,糕点,反复强调,最后,先是,错,再,破,急待,凉皮,牛心,菜,特色,鉴定,完毕,免费,wifi,上网,哒,
还行,礼拜五,同事,一起,吃,耶里,夏丽,吃,466,元,算是,比较,贵,新疆,菜,实在,搞不懂,火,有个,同事,提前,占位,点多,服务员,不让,占,位,想,赶到,人座,这是,道理,发现,人,越来越,定位,真的,久,一边,吃饭,一边,表演,两个,新疆,姑娘,表演,跳舞,一个,挺,漂亮
还行,生意,好,服务,菜,吃,中,好吃,反正,普通,挺,腻,酸奶,倒,不错,北京,酸奶,吃,感觉,好
还行,服务,瞎差,非,高峰,时间,一碗,面,半小时,服务员,有空,逗,孩子,厨房,催,一下,饿死
还行,上菜,真是,超慢,吃,完,一个,久,催,好,再来一个,环顾四周,菜,排队,时间,长
还行,排,一个,小时,队,有点,小,失望,无聊,份量,口味,南丹路,赞,服务,很差,大盘鸡,里,白肉,份量,羊肉,薄饼,好吃,羊排,贵,肉,比较,油,西兰花,六元,加,泡椒,凤爪,行,大失所望,环境,实在,太,吵
还行,奶茶,好喝,大盘鸡,量,羊肉串,越来越,小,上菜,速度,超级,慢,吃,吃,不错,周一,八五折,比较,优惠
还行,人,真的,等位,地方,奶茶,喝,第一口,觉得,怪怪的,觉得,好喝
还行,仗,生意,好,提前,两周,订位,坐在,角落里,菜单,不够,客人,造成,菜单,好不容易,拿到,菜单,翻,两页,迫不及待,点菜,真,点,打发,客人
还行,周五,同事,聚餐,活动,一到,午休,时间,小妮子,过去
还行,本来,团,代金券,周末,兴冲冲,约,朋友,吃,坐下,找出,兑换券,震惊,发现,原来,不到,时间,⊙,n,⊙,b,汗,现金
还行,一直,听说,这家,店,特色,下班,女朋友,吃,吃,门口,排队,冷风吹,吹,冻死,好,免费,羊奶,马奶,提供,小,杯子,喝,杯,发现,吃不下,第三杯,真的,味道,浓厚,赞
还行,这家,上海,算是,比较,地道,新疆,菜,新疆,吃,很大,区别,新疆,领略,一下,真正,西域,风情
还行,好,喜欢,吃,尽兴,手,撕,羊,拐,最,爱,酸奶,辣椒,炒,西域,风干,肉,甜点,蜜,多维,风干,肉,炒饭,好吃
还行,一直,机会,终于,抽出,时间,草药,还过得去,上菜,速度,很慢,大盘鸡,40,分钟,地方,吃,吃
还行,大盘鸡,想象,中,好吃,普通,感觉,孜然,香辣虾,烤羊,排倒,不错,西红柿,炒,茄子,菜,实在,好吃,还要,49,元,新疆,奶茶,特制,酸奶,吖
还行,同事,介绍,奶茶,胜出,晚上,研究,为啥,持续,火
还行,早,很多年,前,耶里,夏丽,存在,鞍山,路店,吃,好,几次,东诸安,浜,路,那家,味道,不灵,一个,分店,吃,现在,夸张,多人,等位,撒,一下子,蹿红
还行,人气,很旺,周六,傍晚,四点,十分,里面,已经,人,还好,早,好久
还行,肉,吃,挺不错,吃完饭,后,一身,羊,膻味,上班,舒服,希望,弄个,罩衣,服用,罩子,火锅店,里面,应该,遮掉,一些,羊,膻味
还行,晚上,五点,一刻,过去,一个,小时,终于,人多
还行,只能,说
还行,新开,店,环境,说,人太多,实在,太多,排队,时间,太长,后面,时间,过去,太多
还行,新开,店,环境,说,设计,有点儿,意思
还行,第一次,时间,今天,好,上菜,太慢,米饭,知道,是现,真的,拉条,最,爱,地道,理想
好,碰到,新,服务员,知道,羊肉串,半个,小时,没上,上菜,太慢
还行,开,公司,附近,去过,好,几次,适合,喜欢,肉食,人,囔,好吃,羊排,品质,好,价格,便宜,无忧,所值
还行,感觉,菜,服务,长宁店,好,菜,口味,长宁店,地道,一些,娄山关,路,地铁站,家,装修,好,一些,新装修,店,客流,倒,不错,长宁店,歌舞,表演,看到,时间,长宁店,周,未有,新疆,舞,表演
还行,本来,想,星,服务,实在,不敢恭维,叫个,服务员,点菜,10,分钟,羊肉串,烤,半个,小时,出炉,实在,急死人,味道,不错,份,星
还行,正巧,听说,耶里,夏丽,新疆,菜,感觉,新鲜
还行,感觉,还好,服务生,说,最,一下,郁闷,大盘鸡,大份,明显,批量生产,整体,感觉器官,ok
还行,晚上,人蛮,排队,一会儿
还行,说实话,中意,吃,新疆,菜,饭,搭子们,坚持,拗不过,只好,吃,套餐,菜量,超级,无敌,小,肉,少,情愿,单点,价格,辣手
还行,羊肉串,不错,肥瘦,相间,大盘鸡,斜土路,吃,一次,好吃,有点,柴,自制,酸奶,每次,点,特色
还行,口味,偏重,一个,上海,人,吃,不惯,菜,有点,偏酸,偏辣,香料,估计,吃,惯,人,应该,挺,喜欢,新疆,歌舞,表演,气氛,比较,热烈,烤羊,排,挺好吃
还行,年年岁岁,花,相似,岁岁年年,人,不用,雅趣,茶坊,一群,人,三国,杀
还行,晚上,八点,过去,排队,等位,布局,南丹路,店,感觉,乱,东西,味道,感觉,从前,好,浦东,有店,以后,过去,方便
还行,上次,路过,看到,店里,吃,人,点,一些,招牌菜,羊肉串,大盘鸡,酸奶,总体,觉得,味道,以后,吃
还行,人,五点,拿到,号,七点,半才,位置,火爆,程度,外婆家,拼,奶茶,不错,比较,浓郁,菜,估计,生意,好,卖光,馕,豆腐,只能,随便,点,几个,丁丁,炒面,觉得,大盘鸡,里面,面,好吃
好,中午,端上来,东西,有点,凉,想象,中,好,一次,枫林,店,晚上,生意,超好,东西,很棒,下次,再,店,试试看
还行,闹,忙,一家,店,歌舞,助阵
还行,大盘鸡,没吃过,点,一份,68,元坑,一点点,爹,10,元,成本,好,羊肉串,奶茶,烤羊,排,不错,丁丁,炒面,酸酸甜甜,喜欢,老婆,说,好吃,看到,新疆,歌舞,表演,点,酸奶,吃,下,出彩,地方
还行,标签,写,八佰伴,肯爹,远,害,走,冤枉路
还行,新疆,菜,一家,店,喜欢,羊肉串,烧烤,类,好吃,大盘鸡,里面,面,不错,有劲,道,开业,打折,真是,划算,不错,以后,再,吃
还行,人,真心,提前,一天,预订,位子,预订,成功,8.8,折,点评,券,送,一份,汤,羊肉串,不错,羊排,一份,点,两份,点,一份,中间,舞蹈,表演,还会,下来,拉,人,一个,饮料,耶里,芒果,味,不错,奶茶,觉得
好,不知,过年,期间,东方路,店,服务员,点错,菜,上菜,慢,一个,买单,时,未,整顿,吃,45,分钟,表演,不错
还行,中午,排队,排,久,生意,好
还行,一个,人去,吃,只,吃,几样
还行,几个,好久不见,同事,聚会,之前,天山,店,吃饭,知道,她家,东方路,开了个,新店,约,东方,店,吃,东方路,店,位置,原来,雅趣,茶馆,进门,后,觉得,店,宽敞,光线,显得,有点,黑,感觉,装修,风格,天山,店,漂亮,店,中央,舞台,环绕,四周,餐桌,估计,晚上,表演,中央,舞台,观看表演,来说,应该,比较,好
还行,特别,映象,觉得,奶茶,特别,好多好多,肉,工作人员,表演,整个,环境,吵闹,体检,一下,新疆,菜,谢谢
还行,部门,团队,建设,体验,中,烤,全想,提前,一天,订餐,烤全羊,交了,500,块,定金,下,班,兴冲冲,跑,过去,奶茶,王国,饮料,好喝,一只,羊,最后,只,吃掉,剩下,打包
还行,2011,155,美食,123
还行,觉得,羊肉串,好吃,一般般,奶茶,奶味,很重,希望,香精,调,表演,有点,吵,o,s,□,t,o,上菜,速度,很快,感觉,微波炉,转,挺,冷,小土豆,挺,喜欢,每个,师傅,做,土豆,口味
还行,肉食者,乐园,吃,大盘鸡,感觉,挺,辣得,羊肉串,挺,厚实,羊排,肉,有点,松,特制,酸奶,西贝,厚实,添加,成分,口味,偏甜,吃,完,回来,拉肚子,肉,吃,新疆,姑娘,跳舞,表演,小腰,真细
还行,最,喜欢,里面,新疆,奶茶,味道,特别,外面,喝到,脑,茶,太,酸奶,觉得,普通,比西,贝攸面,村,出色,排队,人,好多,吃,提前,订位
还行,天气,冷,一直,想,吃,羊肉,找,这家,新疆,菜,离家,比较,平安夜,人,呵呵,新疆,舞,表演,气氛,好,活跃,羊肉串,很嫩,羊排,味道,不错,孜然,味道,好吃,点,量,呵呵,小,番茄,少,牛腩,番茄,太多,牛腩,石河子,面皮,地道,凉粉,有点,入味,酸奶,好吃,新疆,黑啤,很纯,最,特色,美女,跳舞
